Product_ID;Sales;Quantity;Profit
FUR-BO-10001798;1263.9569999999999;12;-56.3214
FUR-CH-10000454;10637.527999999998;51;1927.442
OFF-LA-10000240;153.51;23;64.4011
FUR-TA-10000577;7242.768000000001;29;-532.7613
OFF-ST-10000760;301.96799999999996;24;63.7488
FUR-FU-10001487;160.54;23;46.5566
OFF-AR-10002833;30.576;18;6.6612
TEC-PH-10002275;2116.688;14;211.6688
OFF-BI-10003910;215.109;35;66.69149999999999
OFF-AP-10002892;464.19599999999997;22;110.304
FUR-TA-10001539;4952.673;30;-450.2430000000001
TEC-PH-10002033;2221.596;9;324.69480000000004
OFF-PA-10002365;89.424;15;38.879999999999995
OFF-BI-10003656;4181.754;38;693.5591999999999
OFF-AP-10002311;1383.081;26;381.20739999999995
OFF-BI-10000756;94.128;39;11.448
OFF-ST-10004186;2552.54;23;51.050799999999995
OFF-ST-10000107;477.3;18;67.71
OFF-AR-10003056;96.72800000000001;23;26.835600000000003
TEC-PH-10001949;213.48;3;16.011
OFF-BI-10002215;143.42;23;55.238
OFF-AR-10000246;61.716;23;14.4004
OFF-AP-10001492;343.0760000000001;41;81.54520000000001
FUR-CH-10002774;764.6999999999999;19;76.9798
OFF-BI-10001634;115.024;21;37.0552
TEC-AC-10003027;350.20399999999995;13;8.7551
FUR-BO-10004834;15610.9656;24;-669.5448000000004
OFF-BI-10000474;197.169;32;-69.5702
FUR-FU-10004848;1438.1319999999998;44;235.14070000000004
OFF-EN-10001509;68.136;35;30.294
OFF-AR-10004042;496.24799999999993;30;113.274
OFF-BI-10001525;63.62700000000001;37;-13.906500000000001
OFF-AR-10001683;171.39;19;55.357
OFF-PA-10000249;196.48;17;85.83720000000001
TEC-PH-10004977;5291.7300000000005;32;838.8371999999999
FUR-FU-10003664;2863.8;33;627.1722000000001
OFF-EN-10002986;176.288;13;63.747
FUR-BO-10002545;7539.7122;35;780.3302000000001
FUR-CH-10004218;3150.576;35;499.851
TEC-PH-10000486;2227.008;24;250.5384
TEC-PH-10004093;846.216;23;95.19930000000001
OFF-ST-10003479;872.2559999999999;25;-52.568999999999996
OFF-ST-10003282;1051.776;18;277.2864
TEC-AC-10000171;248.29199999999997;12;91.0404
OFF-BI-10003291;238.329;46;25.491600000000002
OFF-ST-10001713;953.82;20;-63.587999999999994
TEC-AC-10002167;357.0;25;23.249999999999996
TEC-PH-10003988;261.59999999999997;28;41.856
OFF-BI-10004410;85.995;21;15.0969
OFF-LA-10002762;639.03;51;300.3441
FUR-FU-10001706;115.19199999999998;44;44.72160000000001
FUR-CH-10003061;1448.839;19;63.892900000000004
OFF-FA-10000304;54.936;27;20.208600000000004
TEC-PH-10002447;1936.306;10;473.777
OFF-ST-10000604;980.232;30;198.13199999999998
OFF-PA-10001569;120.528;19;56.505599999999994
FUR-CH-10003968;1341.522;22;-32.6508
OFF-PA-10000587;106.288;15;49.504000000000005
OFF-BI-10001460;269.67;23;84.99149999999999
OFF-AR-10001868;38.976000000000006;24;18.816
TEC-AC-10004633;184.53600000000003;30;67.10400000000001
OFF-BI-10001078;175.388;37;73.8674
OFF-PA-10003892;743.432;16;328.6752
FUR-FU-10000397;338.98;17;94.91439999999999
FUR-CH-10001146;2442.0240000000003;51;117.4863
OFF-AR-10002671;1113.024;8;111.3024
TEC-PH-10002726;1112.788;26;430.418
OFF-PA-10000482;1016.7919999999999;28;453.76240000000007
OFF-BI-10004654;214.57300000000004;36;47.873000000000005
OFF-PA-10004675;99.06;17;40.767
FUR-CH-10000513;4770.633;42;-197.5848
FUR-FU-10003708;1322.1699999999998;24;172.246
OFF-ST-10004123;2511.0480000000002;30;-218.352
OFF-BI-10004182;29.952;19;9.7968
FUR-FU-10000260;124.586;19;26.211599999999997
OFF-ST-10000615;347.31;32;85.806
FUR-FU-10003194;108.08;15;6.755000000000001
OFF-AP-10002118;2706.08;14;578.6848000000001
OFF-BI-10002309;110.48399999999998;28;29.239200000000004
OFF-AR-10002053;81.652;29;19.4296
OFF-ST-10002370;483.414;24;118.92840000000001
OFF-EN-10000927;552.706;19;177.65550000000002
OFF-ST-10003656;1363.058;16;-126.70680000000002
FUR-CH-10000863;2913.9139999999998;25;-445.39099999999996
TEC-AC-10001998;207.89600000000002;11;62.7686
OFF-LA-10000134;56.672;20;24.64
OFF-ST-10003442;899.3040000000001;34;197.39440000000002
OFF-AR-10004930;37.52;6;10.586
OFF-PA-10000304;121.824;22;47.69279999999999
OFF-PA-10003177;98.49600000000001;17;41.212799999999994
FUR-FU-10003799;316.48400000000004;20;71.11999999999999
OFF-BI-10002852;390.5760000000001;34;104.81280000000001
OFF-BI-10004738;142.05;13;18.940000000000005
FUR-FU-10000629;455.06999999999994;34;183.1312
OFF-BI-10001721;346.356;21;112.8864
OFF-AP-10000358;436.12800000000004;41;58.28020000000001
OFF-PA-10003256;103.85999999999999;11;37.8512
TEC-AC-10001767;927.768;25;37.9905
OFF-BI-10002609;31.588;24;-7.032800000000001
OFF-PA-10004040;129.168;24;55.97279999999999
TEC-AC-10001552;1154.6640000000002;25;47.281499999999994
FUR-FU-10004006;673.87;17;72.07849999999999
OFF-BI-10002794;545.034;22;85.2384
TEC-AC-10003499;194.54399999999998;20;53.268
TEC-PH-10002844;188.946;8;-18.1948
OFF-AR-10000390;83.426;21;36.5918
TEC-AC-10000844;2362.722;31;676.5204
FUR-FU-10001934;251.76000000000002;12;65.4576
OFF-AR-10000380;1617.9480000000003;44;448.164
OFF-BI-10003981;116.224;34;37.500400000000006
OFF-FA-10000621;139.62;44;59.2848
OFF-EN-10002600;93.22;35;39.53
OFF-PA-10004965;55.944;7;17.4825
OFF-EN-10002504;570.7800000000001;24;225.05040000000002
FUR-TA-10001768;3963.901;22;-598.5228
OFF-BI-10003650;6785.142;23;494.4212000000001
FUR-FU-10002157;156.8;10;61.152
OFF-ST-10000777;611.712;17;149.5296
OFF-EN-10002500;375.73199999999997;30;164.86200000000002
TEC-PH-10003875;126.36;13;36.644400000000005
FUR-CH-10004063;8665.194;35;1558.591
FUR-TA-10004534;3253.2200000000003;20;-164.72000000000003
OFF-BI-10003274;89.55;36;13.611600000000001
OFF-ST-10002974;1193.818;30;278.848
FUR-FU-10003773;1304.128;20;-111.328
TEC-PH-10002293;339.83;22;23.1884
OFF-PA-10002377;1004.652;52;415.28400000000005
OFF-FA-10002780;92.976;37;33.4356
OFF-PA-10001804;164.32799999999997;27;70.5408
OFF-PA-10001736;623.7439999999999;18;285.64639999999997
OFF-AR-10001149;80.952;30;23.778000000000002
OFF-FA-10002988;58.69199999999999;33;24.863699999999998
OFF-BI-10004781;212.658;14;-18.4092
OFF-SU-10001218;307.44;28;86.08319999999999
OFF-AR-10000940;65.268;24;13.759199999999998
OFF-EN-10004030;58.644000000000005;18;24.1092
OFF-PA-10004327;603.54;13;279.736
OFF-AP-10001058;4476.96;17;956.9502
FUR-FU-10000521;357.94800000000004;13;94.76820000000001
TEC-PH-10000215;908.7;27;219.8355
TEC-PH-10001448;599.88;13;-23.995199999999997
OFF-BI-10002735;1073.903;39;364.71529999999996
OFF-AP-10000326;157.92;5;17.766
TEC-PH-10001254;1727.064;17;129.5298
OFF-PA-10001950;200.16;26;80.898
OFF-PA-10002254;881.0919999999999;37;354.0196
OFF-ST-10001590;517.6320000000001;40;118.62400000000001
OFF-AR-10001547;61.43800000000001;30;13.039
OFF-LA-10002475;121.346;18;51.6086
TEC-PH-10004536;1538.886;12;323.976
OFF-PA-10002751;89.7;15;40.365
TEC-AC-10003657;367.092;13;22.433400000000002
OFF-EN-10001990;130.64;23;61.400800000000004
OFF-BI-10004002;174.73000000000002;18;12.802000000000005
OFF-AR-10004441;86.11200000000001;23;30.8844
TEC-MA-10000822;16829.901;18;-4589.973
OFF-ST-10000991;3035.2080000000005;27;24.143700000000003
FUR-CH-10004287;11572.78;53;1179.3740000000003
OFF-AR-10002656;149.63199999999998;24;48.6304
OFF-AP-10002518;2883.276;21;229.59420000000003
TEC-PH-10003931;779.87;17;14.997500000000002
OFF-PA-10000659;501.39199999999994;39;221.8404
OFF-PA-10001144;865.488;17;375.0448
FUR-CH-10003817;2204.8619999999996;43;245.997
OFF-AP-10000891;2491.2799999999997;21;563.8159999999999
OFF-LA-10003148;95.75999999999999;16;41.328
OFF-AP-10002684;3039.4999999999995;31;401.214
FUR-CH-10004698;1830.1480000000001;30;80.97999999999999
OFF-SU-10002189;43.67;12;-3.4936000000000003
OFF-AR-10001940;45.919999999999995;15;17.875999999999998
OFF-ST-10003455;338.118;24;62.660399999999996
TEC-AC-10004659;1926.9360000000001;32;408.744
TEC-PH-10003273;1738.662;15;340.173
TEC-PH-10004896;515.828;20;83.972
TEC-AC-10002345;275.5;20;58.0
OFF-BI-10001890;78.044;34;14.749600000000001
TEC-AC-10002323;884.0000000000001;44;38.01200000000001
OFF-ST-10001328;459.096;31;112.91279999999999
FUR-BO-10002613;5184.081;27;-126.44100000000005
TEC-PH-10001552;542.984;52;95.20160000000001
OFF-PA-10000061;150.336;24;69.4656
OFF-AR-10003514;171.14;44;53.80959999999999
OFF-AR-10004685;88.896;20;26.854000000000003
OFF-AR-10004027;17.64;8;5.7456
OFF-ST-10001414;46.26;3;12.0276
OFF-BI-10000343;102.619;44;-11.882200000000001
OFF-PA-10002749;72.25200000000001;12;31.3092
OFF-PA-10002666;166.704;20;67.044
FUR-TA-10004289;1706.25;15;-1148.4375
OFF-AP-10003622;87.75;29;20.8325
OFF-AP-10003217;1524.5320000000002;12;53.0272
FUR-FU-10002960;135.648;25;44.588
TEC-PH-10001918;1000.7280000000001;9;100.07279999999999
OFF-ST-10000642;402.816;22;-26.434800000000003
TEC-PH-10001700;1135.028;22;75.2286
OFF-FA-10000134;139.44;24;43.2264
OFF-ST-10001522;2299.75;28;-172.9412
TEC-AC-10001266;299.0;26;113.10000000000001
OFF-LA-10004544;372.96;28;165.76
FUR-BO-10004695;4886.46;31;566.4674
TEC-MA-10000864;4268.0;16;466.4
TEC-AC-10000109;1489.334;29;255.3144
TEC-PH-10002563;1990.642;18;312.4552
OFF-FA-10000585;92.136;30;35.598000000000006
OFF-PA-10004000;50.138000000000005;13;18.778100000000002
FUR-FU-10000087;308.99199999999996;16;94.5152
TEC-MA-10001148;5204.241;22;-882.1188000000001
OFF-AR-10001958;275.076;19;42.7896
OFF-AR-10001026;30.799999999999997;14;13.552
FUR-TA-10003748;4332.2519999999995;40;448.16400000000004
OFF-ST-10002485;443.99600000000004;22;-34.7284
FUR-CH-10004860;1746.9540000000002;21;-246.39119999999997
FUR-CH-10004477;2185.9510000000005;44;283.74739999999997
OFF-BI-10001679;71.928;19;-12.431999999999999
FUR-TA-10001705;3401.6000000000004;19;210.47400000000002
FUR-TA-10003473;12995.291500000001;46;-327.2331
FUR-FU-10004017;1264.582;21;222.875
TEC-AC-10003832;11203.756000000003;75;1987.9252999999999
OFF-PA-10002479;139.392;30;52.272000000000006
OFF-PA-10003349;95.904;17;39.7224
FUR-FU-10000576;3861.056;23;289.5791999999999
FUR-FU-10004351;202.592;24;71.68639999999999
TEC-PH-10000011;571.7139999999999;34;218.2908
FUR-TA-10002607;2140.878;44;-479.2164
FUR-FU-10002505;36.396;18;-4.852800000000001
OFF-ST-10002276;683.552;9;120.87200000000001
OFF-PA-10004082;223.44;28;111.72
OFF-AP-10002945;11304.439999999999;40;3247.0199999999995
FUR-CH-10002965;5989.204000000001;39;267.3034
OFF-PA-10004569;109.584;15;49.0845
OFF-ST-10001228;462.32800000000003;36;90.03760000000001
OFF-EN-10003296;1266.72;14;570.024
OFF-ST-10004804;1400.2559999999999;31;-179.6652
TEC-PH-10001580;1916.716;17;241.61419999999998
TEC-AC-10000290;96.418;15;29.197
OFF-ST-10002790;827.12;13;-104.1285
OFF-BI-10003460;137.532;36;55.5384
OFF-AP-10002203;1.624;2;-4.466
TEC-MA-10003353;2519.958;7;-251.9958
TEC-PH-10001433;882.1020000000001;11;58.4649
TEC-AC-10004469;1574.03;42;634.406
OFF-AR-10003602;80.592;15;34.164
OFF-FA-10003472;25.703999999999997;21;0.3024
OFF-ST-10004180;483.70399999999995;11;-7.441600000000001
OFF-EN-10004386;259.092;12;115.152
OFF-ST-10003208;7730.196;45;1932.5490000000002
TEC-AC-10003628;1409.5300000000002;52;536.2212000000001
FUR-FU-10003274;35.904;21;15.2064
OFF-BI-10002557;92.82000000000001;30;24.569999999999997
OFF-PA-10002615;106.72200000000001;25;47.187
OFF-AR-10001427;59.800000000000004;11;11.1228
OFF-PA-10000673;62.608000000000004;9;28.537599999999998
OFF-PA-10004470;40.896;8;16.3584
OFF-ST-10000876;345.832;30;77.128
OFF-LA-10002043;159.39;16;73.27799999999999
OFF-BI-10004967;29.952;28;-0.9152000000000013
TEC-PH-10001760;2865.6;18;967.1400000000001
FUR-TA-10002903;4544.924999999999;24;-192.18540000000002
OFF-PA-10000474;1105.7279999999998;34;467.09919999999994
TEC-AC-10001956;359.70000000000005;7;91.124
OFF-PA-10004100;238.464;42;96.94080000000001
OFF-BI-10000778;496.0179999999999;15;-411.332
OFF-SU-10000646;2836.366;14;-427.8586
OFF-FA-10002983;46.376000000000005;15;19.778
OFF-LA-10004689;84.388;32;35.373599999999996
TEC-AC-10002001;2879.8199999999997;21;763.1523
FUR-BO-10004709;1426.8878;32;-20.293000000000006
FUR-FU-10004091;1117.4279999999999;39;322.9506
FUR-CH-10001891;1420.5040000000001;17;229.3922
FUR-FU-10002918;1200.9360000000001;18;-256.5636
OFF-BI-10004593;1100.4;34;138.33599999999998
OFF-FA-10004854;296.184;29;119.7364
OFF-PA-10002105;58.31999999999999;9;27.9936
OFF-ST-10002756;4384.044;33;-36.5337
OFF-PA-10004243;417.34;22;200.32319999999999
FUR-FU-10001861;434.56;24;197.104
OFF-BI-10002706;191.352;21;29.416800000000002
FUR-TA-10002533;2241.8675;26;-795.9725000000001
FUR-FU-10002671;168.84;13;78.256
OFF-AR-10003651;62.32000000000001;20;15.744
OFF-BI-10001072;136.44;15;13.644000000000005
OFF-AR-10002135;1166.4399999999998;25;310.89
OFF-AR-10002804;37.164;8;14.083200000000001
FUR-FU-10001918;137.17;31;47.7257
FUR-CH-10004086;8430.997000000001;34;1388.6347999999998
FUR-FU-10001756;262.75199999999995;20;-7.616000000000003
OFF-LA-10000634;32.364000000000004;13;14.041799999999999
FUR-FU-10001588;437.70000000000005;18;138.3132
TEC-PH-10002398;1070.3039999999999;12;133.78799999999998
OFF-PA-10001937;124.416;24;43.5456
OFF-AR-10003373;873.6359999999999;32;149.94320000000002
FUR-CH-10002602;4619.988;37;486.1556
TEC-MA-10002927;3991.98;2;1995.99
TEC-AC-10000892;1890.0;22;622.8
OFF-FA-10000624;128.164;38;60.14399999999999
TEC-AC-10001908;2799.72;32;719.928
FUR-FU-10001967;143.928;10;-5.997000000000002
TEC-PH-10003645;3684.708;26;575.3316
OFF-ST-10000675;1125.148;34;260.953
FUR-CH-10003312;5282.424;24;-989.0495999999999
OFF-LA-10001074;421.008;39;162.01290000000003
OFF-BI-10001524;780.4559999999998;67;49.51280000000003
TEC-PH-10004614;1614.6;28;165.6
OFF-BI-10001153;141.614;8;3.453999999999997
OFF-BI-10001982;41.344;22;-19.6928
OFF-BI-10001922;153.25199999999998;33;49.3614
TEC-CO-10001449;18839.686;38;6983.8836
OFF-BI-10004140;75.432;36;-13.469999999999999
OFF-BI-10003314;80.494;23;23.955399999999997
FUR-TA-10004575;5965.09;26;-238.60359999999997
OFF-FA-10000490;15.623999999999999;13;7.0804
OFF-AR-10000122;118.29599999999999;24;17.856
TEC-PH-10000702;197.802;27;54.845099999999995
OFF-AR-10001374;123.11999999999999;21;30.5856
OFF-PA-10001970;2167.3479999999995;70;1006.4352
OFF-BI-10002160;41.910000000000004;17;8.2296
OFF-BI-10004995;17965.068;27;-1878.1662000000003
FUR-BO-10002268;754.7336;16;-294.7672
OFF-EN-10001137;41.3;11;16.7678
OFF-AR-10002399;110.75999999999999;27;42.8982
OFF-PA-10002713;227.04;33;104.4384
OFF-AP-10001124;647.84;8;168.4384
OFF-LA-10001158;277.38;28;126.68400000000001
FUR-CH-10000785;6008.536;39;785.4532
OFF-AR-10003732;86.736;33;18.848399999999998
FUR-FU-10000023;236.77799999999996;45;88.35000000000001
OFF-BI-10002412;100.92;22;30.740000000000002
OFF-SU-10001225;80.224;24;-6.329599999999999
OFF-ST-10002406;353.29200000000003;24;94.6104
OFF-PA-10002036;138.67200000000003;24;59.3568
OFF-ST-10002205;262.668;13;51.42059999999999
TEC-AC-10003911;2623.8360000000002;18;723.1547999999999
OFF-AR-10000658;263.34000000000003;23;72.072
TEC-AC-10002076;1497.0;29;20.957999999999995
OFF-PA-10003039;879.8320000000001;32;334.58399999999995
FUR-TA-10004915;5801.815999999999;23;-66.82720000000002
OFF-AP-10000696;357.616;30;67.774
OFF-ST-10003327;113.202;13;21.548099999999998
OFF-BI-10000309;269.39399999999995;35;-2.283000000000005
OFF-PA-10004734;72.8;10;36.4
OFF-BI-10002225;334.36800000000005;22;98.2464
TEC-AC-10004708;251.4;12;52.794
FUR-TA-10000617;4334.8275;22;430.0695
TEC-AC-10002335;503.856;16;50.3856
TEC-MA-10001681;723.51;6;-506.457
FUR-FU-10001935;108.04;33;36.001
OFF-AR-10004757;120.70400000000001;40;32.800000000000004
OFF-BI-10000050;197.82999999999998;42;35.332
TEC-PH-10003012;4434.912;32;936.2592000000001
TEC-CO-10002313;5999.9;11;1973.9671000000003
OFF-BI-10003982;583.637;48;55.2482
OFF-BI-10004492;669.496;26;234.32360000000003
OFF-ST-10000798;344.724;16;20.9832
OFF-PA-10002552;32.400000000000006;5;15.552
OFF-SU-10002573;448.76800000000003;26;129.722
OFF-ST-10001580;179.76;13;39.5472
OFF-ST-10000934;598.308;16;-57.372
TEC-AC-10000158;899.7500000000001;27;132.0833
OFF-PA-10001947;57.408;10;26.909999999999997
OFF-AR-10003478;219.78;31;68.376
OFF-AP-10004249;234.61200000000002;22;42.37380000000001
TEC-CO-10004115;6399.872;17;2064.9587
OFF-PA-10003724;184.62;35;87.69449999999999
FUR-TA-10002041;2671.421;20;-519.941
OFF-PA-10002893;125.84;13;60.4032
OFF-LA-10003766;110.25;35;52.92
FUR-BO-10001972;2740.197;37;-975.0988
FUR-CH-10003956;922.74;16;-133.4424
OFF-PA-10000157;767.232;39;354.2454
OFF-AR-10004344;330.924;31;59.5903
FUR-CH-10004886;1775.075;24;117.059
OFF-PA-10003845;92.48;16;45.315200000000004
OFF-AR-10001573;48.93;21;14.189699999999998
OFF-EN-10000483;320.25;22;139.08
TEC-AC-10004114;360.712;10;127.06899999999999
FUR-FU-10004712;84.84;6;22.0584
OFF-ST-10000918;176.57999999999998;18;31.392
FUR-CH-10000015;6584.639999999999;36;814.4159999999999
FUR-FU-10003347;298.2;21;116.29800000000002
OFF-BI-10001543;842.1660000000002;30;280.7220000000001
TEC-MA-10000029;279.96;4;120.3828
OFF-AR-10000369;13.622;11;2.3074
OFF-BI-10004584;3222.996;22;-461.33080000000007
OFF-ST-10000617;69.136;24;2.6224
OFF-ST-10003306;4600.092;33;1252.8822000000002
OFF-BI-10000773;66.566;25;-39.699000000000005
TEC-AC-10002600;495.6;9;16.107
TEC-MA-10002937;1007.979;3;43.1991
OFF-PA-10002230;67.72800000000001;16;27.0912
FUR-CH-10003396;1770.54;29;-216.31380000000004
FUR-FU-10000246;244.39999999999998;22;56.212
OFF-ST-10000060;2612.196;43;153.35280000000003
OFF-ST-10003058;709.5;30;205.75499999999997
OFF-PA-10002222;593.84;27;260.8328
FUR-CH-10002372;1311.8760000000002;19;-42.1096
OFF-LA-10001317;46.620000000000005;15;22.050000000000004
FUR-FU-10000206;45.396;20;14.55
OFF-AR-10000588;476.15999999999997;26;94.4384
OFF-ST-10001469;1187.56;24;-30.228800000000007
OFF-AR-10001953;1073.112;27;206.2662
OFF-AR-10003156;138.176;14;32.9184
OFF-AR-10004974;9.84;3;2.8536
TEC-PH-10002365;64.972;8;12.9944
OFF-ST-10000142;5572.792;14;1380.7215999999999
TEC-AC-10001772;718.65;45;280.2735
FUR-CH-10000225;1757.266;25;-166.00900000000001
FUR-CH-10002331;7582.374;24;832.9932000000001
OFF-EN-10001415;54.684;11;23.994
OFF-AP-10002472;259.8;10;90.93
TEC-AC-10004571;2339.766;25;889.9110000000001
OFF-BI-10001098;235.18;31;-102.83780000000002
FUR-TA-10001889;9544.725;33;-1934.3975999999998
OFF-BI-10000315;451.96200000000005;35;106.34400000000002
OFF-SU-10003505;2641.6079999999997;24;-7.105427357601002e-15
OFF-AP-10002578;929.48;21;169.2632
FUR-BO-10002824;748.8607999999999;6;24.156800000000004
OFF-BI-10002194;38.304;12;-12.4488
OFF-PA-10004071;1098.5040000000001;21;492.66240000000005
OFF-ST-10002743;4704.696000000001;46;-470.46959999999996
FUR-BO-10001601;935.1972;10;-125.74080000000001
TEC-PH-10002680;2155.902;13;153.993
OFF-ST-10001321;518.112;35;124.13100000000001
OFF-PA-10001509;268.5;30;123.51000000000002
OFF-PA-10003465;201.082;11;92.57360000000001
TEC-PH-10000149;426.93;26;43.092
OFF-AR-10003045;90.55199999999999;32;38.80800000000001
OFF-ST-10000689;4479.03;33;388.746
TEC-AC-10001445;42.42;14;8.9082
TEC-AC-10002567;1999.75;29;515.1356000000001
OFF-LA-10003923;518.0;37;244.2
FUR-BO-10001337;2970.059;28;-78.637
TEC-PH-10001924;699.8999999999999;13;17.497499999999995
TEC-PH-10001363;4901.914;11;512.991
TEC-PH-10000376;173.826;22;11.188799999999999
TEC-AC-10000303;239.94;7;52.3869
OFF-ST-10001809;4509.466;55;-332.371
OFF-EN-10003845;50.922000000000004;16;19.040399999999998
TEC-AC-10000991;582.6759999999999;13;57.3278
FUR-TA-10001857;828.0964999999999;11;-216.2545
OFF-EN-10001434;632.52;12;309.9348
OFF-BI-10002498;377.538;29;90.27269999999999
FUR-FU-10004864;1834.8119999999997;46;436.4379
FUR-FU-10000073;124.74;17;37.037
OFF-BI-10001670;901.0300000000001;40;147.02999999999997
OFF-BI-10001658;466.00399999999996;34;8.472800000000007
FUR-CH-10001215;12975.382;32;951.862
OFF-BI-10000831;10.824000000000002;9;-2.0064
OFF-PA-10000357;2141.634;48;947.5260000000001
OFF-AR-10001662;75.624;30;15.618
OFF-AR-10003856;45.592;18;8.5624
OFF-BI-10003527;27453.384;31;7753.039
FUR-FU-10001290;867.2599999999999;21;266.072
TEC-AC-10002399;361.38;20;102.708
OFF-AR-10003811;39.78;18;10.7406
OFF-AR-10001246;79.96799999999999;32;13.1712
TEC-CO-10003236;3959.9339999999997;7;1691.9718
OFF-ST-10004507;428.74999999999994;27;90.72349999999997
OFF-PA-10001667;169.832;32;64.584
OFF-ST-10004459;9158.296;28;-825.7479999999999
OFF-ST-10000736;3028.6520000000005;39;-3.239200000000011
OFF-BI-10000285;72.912;22;-13.328
TEC-PH-10003555;832.238;41;-91.5002
OFF-FA-10002815;50.616;13;20.0244
FUR-CH-10003379;7979.4400000000005;33;926.185
OFF-ST-10004963;348.21999999999997;24;-0.605599999999999
OFF-SU-10002881;16656.199999999997;22;-1299.1836
OFF-EN-10001335;336.952;34;150.97199999999998
FUR-CH-10000595;5697.759999999999;27;870.1600000000001
FUR-FU-10000448;175.78;11;8.789
TEC-PH-10000984;4978.146;27;1168.1004
OFF-ST-10001325;345.84000000000003;35;78.076
OFF-BI-10002429;526.612;46;-201.51279999999997
OFF-BI-10004528;40.32000000000001;15;12.6
OFF-AP-10001271;948.228;19;241.1354
FUR-CH-10002647;3641.2740000000003;64;234.234
TEC-AC-10001432;1641.15;21;722.106
TEC-PH-10002262;904.5519999999999;18;133.3024
TEC-AC-10001465;1184.0320000000002;34;319.616
TEC-PH-10002597;604.752;5;132.2895
FUR-FU-10000723;1115.64;33;-125.1996
OFF-BI-10000404;115.24;16;42.312
OFF-PA-10002986;280.55999999999995;46;120.7744
OFF-SU-10001935;29.648;16;-3.8368000000000007
FUR-CH-10002024;21870.576;39;5.684341886080802e-14
FUR-FU-10003039;500.308;14;101.7868
OFF-FA-10004248;64.042;16;20.0244
OFF-ST-10001780;7515.523999999999;13;1114.3708
OFF-AR-10003560;100.92800000000001;20;20.671999999999997
OFF-LA-10001297;248.4;24;119.232
FUR-TA-10004256;5634.9;17;-964.194
OFF-PA-10003441;334.368;53;155.77919999999997
OFF-BI-10000069;433.789;38;125.7838
OFF-AP-10003914;13.0;5;1.3
FUR-FU-10004020;87.52;20;25.162
OFF-FA-10003467;29.7;15;0.0
TEC-PH-10002496;4180.532;30;904.742
OFF-PA-10004530;321.44;28;157.50560000000002
OFF-BI-10001107;269.328;31;31.421599999999998
OFF-PA-10004451;134.784;22;60.6528
FUR-CH-10004997;6748.482000000001;43;281.96999999999997
TEC-PH-10000347;65.34;17;3.9105000000000003
OFF-AR-10003394;67.032;24;15.523200000000001
OFF-PA-10001450;19.92;4;9.7608
OFF-SU-10001574;76.64999999999999;22;20.440000000000005
FUR-FU-10001475;334.096;21;29.453200000000002
OFF-SU-10004498;236.99200000000002;20;-12.879999999999999
TEC-PH-10000586;475.128;8;89.74640000000001
OFF-BI-10002764;69.768;34;13.759799999999998
OFF-LA-10003930;3322.8780000000006;36;1517.9064
TEC-PH-10003800;413.322;9;-58.818899999999985
OFF-PA-10002005;196.992;33;85.79519999999998
OFF-PA-10004101;169.776;27;78.79679999999999
OFF-AR-10004078;234.768;49;34.455999999999996
OFF-AP-10004708;867.7680000000001;30;57.089999999999996
FUR-FU-10001979;1114.384;28;288.4288
OFF-SU-10004115;81.424;13;12.431700000000001
TEC-PH-10001425;1583.8020000000001;24;201.57479999999998
TEC-PH-10003963;1771.5140000000001;11;94.75540000000001
OFF-ST-10001490;8138.232;49;2016.7110000000002
OFF-PA-10002120;516.624;10;236.32799999999997
OFF-BI-10000848;39.384;14;-1.9691999999999992
TEC-PH-10003092;607.068;19;-13.337100000000005
OFF-LA-10004345;55.974;13;23.420699999999997
OFF-PA-10001204;46.464000000000006;10;17.424
TEC-PH-10004667;2645.804;26;83.6938
OFF-BI-10002949;85.728;21;18.0576
FUR-FU-10003849;161.92000000000002;11;26.1096
FUR-FU-10000010;175.938;36;52.4832
OFF-BI-10002824;308.844;35;21.634
TEC-PH-10002538;803.692;24;157.70559999999998
OFF-BI-10002103;179.01399999999998;37;5.3877999999999995
FUR-CH-10004853;2959.208;23;493.7046
OFF-AP-10000179;1320.1660000000002;12;417.0244
OFF-ST-10001272;1465.744;12;287.914
FUR-FU-10000221;176.78400000000002;38;49.3776
OFF-AP-10001563;952.168;26;55.38119999999999
OFF-BI-10000605;91.44;28;34.8996
OFF-ST-10001963;1764.534;18;-6.084599999999995
TEC-AC-10001267;467.22;18;143.76
TEC-PH-10002103;3158.0639999999994;37;654.1704
TEC-AC-10002857;83.44;14;11.473
FUR-CH-10001482;2200.464;20;-130.98000000000002
OFF-BI-10001989;753.1820000000001;43;284.0692
OFF-AP-10003287;937.8480000000001;22;130.48319999999998
OFF-BI-10004728;212.08;59;58.5148
FUR-FU-10000732;133.136;22;39.18719999999999
OFF-ST-10000585;3138.8;20;693.8399999999999
OFF-LA-10002787;89.25;24;42.45
OFF-PA-10001934;147.744;24;68.4288
OFF-AP-10002457;1674.3999999999999;20;146.51000000000002
OFF-FA-10003112;146.754;22;51.285000000000004
OFF-AP-10002350;516.2159999999999;29;122.8368
TEC-AC-10001142;1722.2;24;15.800000000000004
TEC-AC-10001101;190.77200000000002;16;5.155999999999999
OFF-AP-10002439;823.2520000000001;16;-17.03280000000001
OFF-BI-10002827;82.95;33;-15.5946
OFF-EN-10002230;1359.6660000000002;19;514.4909
OFF-ST-10001511;1952.43;33;-74.34749999999997
OFF-SU-10004231;196.02;22;37.026
TEC-PH-10004042;1685.294;12;273.4628
FUR-FU-10003096;83.49;12;31.5744
FUR-FU-10002759;551.448;36;91.1088
FUR-TA-10000688;3354.8900000000003;18;100.21100000000001
OFF-AR-10001954;75.306;17;14.6211
OFF-AP-10004532;409.6;20;110.59199999999998
OFF-PA-10002137;262.964;35;113.19900000000001
OFF-AP-10000804;61.824;18;1.3439999999999994
TEC-AC-10003614;150.67000000000002;14;41.955799999999996
FUR-FU-10003553;949.026;17;247.57199999999997
OFF-BI-10004632;5535.593;45;-246.06750000000005
OFF-BI-10003305;105.846;26;21.8868
OFF-ST-10002583;480.70399999999995;16;-18.1888
TEC-MA-10004125;7999.98;4;-3839.9904
OFF-LA-10001934;109.65;15;51.5355
FUR-BO-10004015;3317.7235;34;135.58870000000002
FUR-FU-10004071;1268.922;13;106.09020000000001
OFF-ST-10002444;235.776;20;58.944
TEC-AC-10002253;2659.84;16;398.976
OFF-PA-10000743;130.928;20;61.455999999999996
OFF-LA-10002312;177.60000000000002;13;81.4
OFF-LA-10003510;1233.4120000000003;43;524.5054000000001
OFF-AR-10001118;16.176000000000002;5;6.739999999999999
OFF-BI-10001575;207.56599999999997;18;-82.4068
FUR-FU-10003394;1469.1599999999999;26;-40.57679999999998
FUR-TA-10002774;2096.168;18;-206.5342
OFF-PA-10001800;145.152;25;60.912
OFF-AP-10001469;759.122;20;166.84
FUR-BO-10003272;3420.7704000000003;21;-755.7516
OFF-EN-10001219;146.688;21;64.8636
OFF-AP-10001154;515.79;11;201.1581
TEC-AC-10001606;1799.8200000000002;21;497.9502
OFF-BI-10003355;87.648;25;22.908
FUR-FU-10002253;1047.7359999999999;27;340.5142
OFF-PA-10004092;342.58;7;171.29
FUR-TA-10000198;9917.64;27;-2876.1156
OFF-ST-10000036;1857.2520000000002;20;414.918
FUR-FU-10000222;441.728;19;28.257600000000004
OFF-SU-10004664;166.056;23;33.1298
OFF-EN-10001141;125.172;13;52.3746
TEC-PH-10002170;1119.84;19;162.3768
OFF-PA-10001954;721.7439999999999;33;314.73519999999996
FUR-TA-10002228;2033.496;9;-456.7032
OFF-ST-10004634;145.73000000000002;14;35.872
TEC-AC-10003610;1139.81;20;515.914
FUR-BO-10001619;424.90000000000003;6;27.193599999999996
OFF-BI-10000138;91.72799999999998;31;16.2864
TEC-AC-10001383;364.854;15;53.7285
OFF-LA-10003223;87.398;19;39.820100000000004
OFF-BI-10004094;55.755;13;-2.9204999999999997
OFF-PA-10004971;92.48;18;39.4196
OFF-SU-10004261;217.224;14;45.8584
TEC-PH-10000004;83.944;7;6.2958
OFF-BI-10003638;369.585;34;14.319000000000004
FUR-FU-10003577;246.64800000000002;18;81.4512
OFF-BI-10000546;87.264;50;13.824000000000003
TEC-CO-10002095;8899.822;21;3124.9375000000005
FUR-TA-10001095;8209.059;61;-189.97610000000006
OFF-LA-10004484;137.116;37;54.5986
OFF-EN-10001532;244.512;15;117.16199999999999
TEC-AC-10003174;2242.0319999999997;23;754.53
OFF-BI-10004187;42.112;26;16.694399999999998
OFF-ST-10000025;3397.308;37;78.2526
FUR-FU-10004306;2759.06;17;314.76599999999996
FUR-CH-10003746;5906.032;21;1052.8144
OFF-BI-10001036;209.306;40;26.506000000000007
OFF-BI-10000301;164.985;50;3.2349999999999994
OFF-AR-10004648;342.55;17;92.4885
FUR-FU-10002597;136.34400000000002;28;56.11840000000001
OFF-AR-10003405;95.94;19;17.0235
FUR-CH-10002335;6936.102;34;1233.0847999999999
OFF-PA-10003657;65.056;18;22.683999999999997
FUR-BO-10004409;858.858;17;-9.93719999999999
TEC-AC-10000057;557.8140000000001;19;107.66409999999999
OFF-EN-10000056;1555.75;28;632.2568
OFF-BI-10000014;176.74200000000002;29;9.055299999999997
FUR-CH-10004675;5212.112;27;972.6368
OFF-BI-10001132;62.946;23;-0.16140000000000043
FUR-CH-10003199;1842.268;20;155.372
TEC-PH-10001530;8111.136;34;275.3286
OFF-LA-10001569;176.292;40;68.724
OFF-PA-10000176;512.1899999999999;30;216.25799999999998
OFF-LA-10002271;48.04799999999999;16;22.422400000000003
FUR-FU-10004090;346.788;17;93.58829999999999
OFF-AP-10000576;2010.8519999999999;29;376.4874000000001
OFF-PA-10003953;49.248000000000005;8;22.2912
FUR-FU-10000794;155.38;17;52.8292
OFF-AR-10001897;402.97599999999994;24;92.1088
TEC-PH-10001795;6935.862;16;1056.3827
TEC-AC-10004901;549.89;13;120.9758
OFF-AR-10003190;47.232;17;11.9808
OFF-AP-10000240;770.1120000000001;16;162.57920000000001
TEC-AC-10001838;5119.744000000001;26;2155.8922
OFF-PA-10003651;165.664;26;75.35040000000001
OFF-BI-10003094;22.88;11;2.3584000000000005
FUR-CH-10001394;5861.533;21;701.9799999999999
OFF-BI-10004230;466.29;20;107.07400000000001
OFF-PA-10003395;1740.5100000000002;19;704.592
TEC-AC-10002402;2159.73;30;479.94000000000005
TEC-AC-10003441;355.95;22;5.4239999999999995
OFF-FA-10002280;225.0;47;102.8
OFF-SU-10000381;279.3;32;67.7768
OFF-EN-10004459;163.49599999999998;23;73.8788
FUR-CH-10000665;3955.676;32;573.724
OFF-AP-10003884;180.66;3;50.5848
TEC-PH-10001557;3590.026;43;576.8998999999999
TEC-PH-10002085;752.2860000000001;14;68.62960000000001
OFF-AR-10002956;444.6020000000001;23;69.9918
OFF-AP-10003266;151.062;12;47.984399999999994
TEC-MA-10004002;5787.355;14;509.712
OFF-BI-10001071;1573.9080000000001;31;562.3842
OFF-PA-10001560;80.93599999999999;15;32.918
OFF-AR-10002578;34.56;12;10.022400000000001
FUR-BO-10001519;1119.195;22;147.0942
OFF-BI-10001294;271.44;31;71.955
OFF-BI-10001636;208.221;41;21.580800000000004
OFF-SU-10002503;90.88;16;26.3552
OFF-LA-10004093;168.13;24;75.1468
FUR-FU-10003878;253.648;21;41.8672
TEC-AC-10000710;296.64;18;127.55519999999999
OFF-AR-10002335;44.891999999999996;19;8.617199999999999
OFF-PA-10001870;171.072;28;76.72319999999999
OFF-PA-10001019;543.456;32;204.59519999999998
OFF-SU-10002537;306.9;31;72.22379999999998
OFF-ST-10003221;53.4;5;14.418
OFF-AR-10003752;182.49;17;76.461
TEC-AC-10001714;789.822;23;211.81589999999997
OFF-AR-10003958;10.496;4;1.1808
TEC-PH-10002923;739.8;25;64.73249999999999
OFF-LA-10004272;11.56;4;5.4332
FUR-FU-10000965;1184.232;24;448.76159999999993
OFF-LA-10004853;83.66399999999999;19;32.569199999999995
OFF-BI-10003719;276.945;22;-19.461000000000002
OFF-BI-10000545;19024.5;48;760.9799999999996
OFF-PA-10003591;151.536;15;65.43599999999999
OFF-PA-10001790;586.0880000000001;14;236.3568
TEC-AC-10002049;13756.535999999998;60;4425.343199999999
OFF-BI-10003712;131.09699999999998;45;18.412499999999994
OFF-BI-10003984;704.691;44;39.3714
FUR-FU-10001424;96.03;14;15.364800000000002
OFF-BI-10002071;102.256;34;-4.415600000000001
OFF-ST-10002486;300.14;45;-7.677999999999999
TEC-AC-10000927;491.836;17;32.989000000000004
OFF-PA-10001622;38.136;9;15.662999999999998
OFF-AR-10003158;90.744;26;22.447200000000002
TEC-PH-10002660;1876.524;29;397.7415
OFF-BI-10003364;667.993;32;182.6042
OFF-EN-10001099;160.39200000000002;18;65.3304
OFF-PA-10002250;138.53199999999998;26;59.16959999999999
OFF-BI-10004716;32.647999999999996;4;1.7807999999999993
OFF-LA-10001045;44.37;18;19.000799999999998
OFF-BI-10001510;504.23999999999995;33;88.242
OFF-PA-10002947;94.856;16;39.278400000000005
OFF-PA-10000019;209.95200000000003;36;88.6464
FUR-BO-10003441;1473.2982000000002;18;73.71539999999999
TEC-PH-10004774;189.654;16;-11.9508
OFF-BI-10003684;532.1579999999999;44;48.378000000000036
TEC-PH-10001494;4619.23;17;896.8505000000001
TEC-AC-10004666;2755.4;10;1184.8220000000001
OFF-ST-10003816;3946.656;26;419.33219999999994
FUR-TA-10001520;2298.114;39;-12.13290000000001
OFF-ST-10001558;457.968;31;30.044
TEC-AC-10002473;1231.692;49;411.2262
TEC-PH-10004531;1041.81;24;153.3092
OFF-AP-10004487;2488.392;36;380.57759999999996
OFF-PA-10003543;25.92;5;9.072
TEC-AC-10004353;1108.8;21;275.31000000000006
OFF-AR-10001468;209.664;7;49.795199999999994
OFF-PA-10002195;168.46400000000003;33;71.0412
OFF-PA-10001745;108.416;17;44.985600000000005
OFF-BI-10004826;204.724;18;50.190400000000004
OFF-PA-10000289;111.45599999999999;18;50.803200000000004
OFF-AP-10003040;665.676;25;43.706
OFF-PA-10000350;51.36;6;24.139200000000002
OFF-BI-10001759;59.817;24;13.182600000000004
OFF-ST-10001496;6594.954;40;1261.33
OFF-BI-10002931;314.54999999999995;15;0.0
FUR-TA-10002356;2542.4669999999996;15;-445.587
FUR-FU-10003601;1623.2480000000003;26;-343.09560000000005
FUR-TA-10004154;4446.175;25;-1147.4
OFF-PA-10000788;95.904;18;35.2512
FUR-FU-10001940;219.696;38;50.307200000000016
OFF-BI-10004465;51.48;19;-23.759999999999998
OFF-PA-10002333;15.552;3;5.6376
FUR-FU-10004188;1329.8999999999999;13;345.774
OFF-BI-10000145;81.744;44;11.7312
OFF-LA-10001613;113.472;44;48.844800000000006
OFF-LA-10004055;14.73;3;7.2177
OFF-PA-10004621;141.264;25;57.024
OFF-PA-10001281;191.6;4;91.968
OFF-ST-10001097;3178.13;20;-167.27
FUR-FU-10001095;455.4560000000001;24;61.4336
OFF-BI-10002012;51.48;49;5.616
OFF-PA-10004156;213.192;20;97.524
OFF-AR-10000034;118.72;29;43.7144
TEC-PH-10000560;7139.796;28;83.99760000000003
OFF-EN-10000461;211.50799999999998;27;86.4386
TEC-MA-10003066;336.51;3;44.868
OFF-BI-10004022;38.642;29;-4.8928
OFF-AR-10001988;77.87;13;22.582299999999996
OFF-PA-10003625;328.388;11;140.959
OFF-BI-10003925;8070.192;27;2518.0551
OFF-EN-10003862;198.462;20;83.226
OFF-ST-10004258;224.66400000000002;19;55.3113
FUR-FU-10002885;84.832;19;28.052399999999995
TEC-AC-10003033;10822.359999999999;35;3085.0325
OFF-ST-10000046;4006.44;27;473.3415
OFF-BI-10002049;28.851;13;-5.4768
FUR-FU-10001602;546.192;17;17.447799999999997
OFF-ST-10003722;193.614;15;44.1945
TEC-AC-10003198;2450.16;29;630.468
FUR-FU-10002191;62.82;11;22.8944
TEC-PH-10004188;384.846;18;-55.977599999999995
OFF-ST-10001526;5751.774;49;1388.6082
OFF-AR-10001166;60.64;8;23.6496
FUR-CH-10000309;6084.143999999999;17;697.1415
TEC-MA-10004212;1379.92;8;648.5624
OFF-EN-10003072;62.856;18;26.5392
OFF-BI-10000320;172.692;30;59.778000000000006
OFF-PA-10001166;222.43199999999996;28;81.8424
OFF-PA-10003656;538.1519999999999;21;239.0028
TEC-PH-10000148;119.508;11;-20.5242
TEC-PH-10003885;910.662;15;207.86849999999998
OFF-LA-10001175;47.808;17;22.8384
OFF-PA-10000955;37.932;7;13.2108
FUR-FU-10003975;563.03;13;56.303000000000004
OFF-BI-10003707;354.03200000000004;41;41.20199999999999
OFF-AR-10000203;68.48;18;13.781600000000001
OFF-AR-10004790;47.88;5;2.9925
TEC-AC-10004761;264.438;17;88.4115
FUR-BO-10001811;5492.885;26;15.049000000000007
OFF-AR-10001130;15.469999999999999;8;6.0996
OFF-AP-10000055;266.33599999999996;17;-120.17599999999999
FUR-CH-10002304;901.506;44;44.166
FUR-FU-10000293;1431.944;14;46.3276
OFF-PA-10001307;54.6;15;22.47
FUR-FU-10004460;479.33799999999997;14;127.2996
OFF-AR-10000716;94.85999999999999;20;26.784000000000006
FUR-FU-10004622;379.4;10;-48.78
OFF-BI-10003529;36.919999999999995;17;12.2972
OFF-BI-10001097;116.50099999999999;32;14.827399999999999
OFF-BI-10001597;1217.1060000000002;47;215.55480000000003
OFF-FA-10001754;8.096;5;3.404
OFF-FA-10004838;33.480000000000004;20;-2.604
TEC-PH-10002115;844.672;15;112.18299999999999
OFF-FA-10003059;34.39;21;8.9233
OFF-BI-10004330;661.942;33;-9.245000000000005
OFF-BI-10003669;83.16;26;10.151999999999997
OFF-BI-10003727;90.70599999999999;36;12.456400000000002
TEC-AC-10003447;291.85400000000004;15;66.9665
OFF-AR-10000255;75.92;13;19.7392
OFF-AP-10002191;737.754;15;89.97
OFF-PA-10000349;118.524;25;52.538999999999994
FUR-CH-10002880;5436.158;54;-474.74139999999994
OFF-PA-10003127;327.11199999999997;13;141.9244
TEC-MA-10003979;7699.89;11;3772.9461
OFF-PA-10000029;95.904;17;38.620799999999996
OFF-LA-10000452;51.03;17;23.184
TEC-PH-10001819;746.8340000000001;19;302.3328
OFF-AR-10002952;293.7;24;63.012
TEC-PH-10000576;1945.258;18;145.2094
OFF-PA-10000605;49.708;9;23.1778
OFF-ST-10004340;2300.66;40;485.00399999999996
OFF-BI-10004001;487.34399999999994;42;100.8768
FUR-TA-10004147;1231.56;13;96.2856
OFF-AR-10001545;36.608;23;7.8671999999999995
TEC-AC-10001013;533.078;19;160.2163
OFF-AR-10002255;31.104;11;8.6112
OFF-PA-10001892;110.01600000000002;17;43.7772
OFF-BI-10003676;258.72;51;-27.165600000000005
OFF-FA-10003495;192.128;35;85.728
OFF-EN-10003798;68.28;5;23.0445
TEC-PH-10003589;442.5539999999999;29;171.2648
OFF-PA-10004735;146.448;23;68.94720000000001
FUR-BO-10002206;119.833;1;-12.6882
OFF-PA-10000141;27.468000000000004;14;11.2924
TEC-PH-10001061;1339.866;15;229.97699999999998
OFF-AR-10002375;82.656;26;22.107200000000002
OFF-EN-10001539;196.056;26;88.8476
FUR-TA-10004086;1788.3840000000002;27;-22.35479999999999
OFF-PA-10000100;1696.986;45;756.2655
OFF-LA-10000973;17.64;7;6.174
OFF-ST-10001476;937.4639999999999;29;185.7173
OFF-EN-10002831;610.98;17;274.941
OFF-PA-10001763;49.95;5;22.4775
OFF-BI-10002072;119.922;17;46.057
OFF-FA-10001561;69.76;34;20.099600000000002
TEC-MA-10004241;1286.85;4;360.318
OFF-AP-10003849;5009.48;16;715.64
OFF-FA-10000735;54.312000000000005;19;23.798000000000002
OFF-BI-10003350;38.918;11;1.0208000000000004
TEC-PH-10000307;63.50999999999999;7;-10.074
TEC-CO-10004202;4859.838000000001;19;1154.9615000000001
FUR-FU-10001852;33.756;21;8.9088
OFF-AR-10003759;59.696000000000005;35;24.661000000000005
OFF-ST-10004337;1445.2640000000001;24;-24.496
FUR-TA-10001932;5098.1759999999995;22;-404.00640000000004
FUR-CH-10002126;2586.1879999999996;15;-48.796
TEC-PH-10004700;127.87200000000001;14;52.3476
OFF-BI-10003429;136.728;41;4.3677
FUR-FU-10004952;514.556;13;23.53819999999999
OFF-PA-10003172;176.25600000000003;28;81.9072
OFF-ST-10002352;225.03600000000003;30;47.88
OFF-PA-10002259;76.092;8;29.5416
OFF-BI-10002976;65.254;21;19.287100000000002
OFF-BI-10003694;137.808;27;-14.407200000000003
OFF-LA-10004425;53.754000000000005;21;21.5883
FUR-CH-10001270;2389.125;34;336.375
TEC-PH-10004539;4044.3860000000004;24;733.2812000000001
OFF-AR-10001919;30.831999999999997;17;8.1404
TEC-PH-10003655;13.86;8;2.2967999999999997
OFF-BI-10004656;38.016;30;4.319999999999999
OFF-ST-10002344;1635.7960000000003;22;-110.1328
TEC-PH-10004447;3613.74;31;425.3094
FUR-CH-10003973;9070.944000000001;31;773.2607999999999
OFF-PA-10000682;60.112;12;24.7384
FUR-FU-10002268;149.264;34;37.4142
TEC-AC-10001990;1703.7160000000001;33;357.5404
FUR-CH-10004540;815.8639999999999;32;15.0832
OFF-ST-10002292;1706.508;5;222.588
OFF-AR-10004999;145.912;25;33.787
OFF-BI-10001031;99.32400000000001;27;22.9086
OFF-BI-10002432;96.64600000000002;26;26.919199999999996
FUR-FU-10001867;121.296;13;21.7056
TEC-PH-10002200;7437.886;30;353.7884000000001
TEC-PH-10000439;495.876;15;69.98249999999999
OFF-PA-10001685;257.556;29;107.58539999999999
OFF-ST-10001418;1073.248;20;-121.96000000000001
OFF-ST-10000676;581.58;7;-56.2194
OFF-AR-10001022;14.2;5;4.402
OFF-EN-10003055;783.608;22;299.85
TEC-CO-10001046;8959.872000000001;16;2799.96
FUR-FU-10000076;487.51200000000006;27;180.0198
FUR-FU-10003268;775.6120000000001;20;135.932
FUR-FU-10003691;180.30999999999997;18;55.821999999999996
OFF-AR-10003903;565.386;14;140.9368
TEC-PH-10003442;104.5;21;17.875
OFF-BI-10004519;2954.4440000000004;27;489.6410000000001
OFF-EN-10004955;77.904;15;36.5175
FUR-TA-10004619;3775.647;29;541.654
FUR-BO-10004467;1897.8102000000001;31;-612.9386999999999
OFF-AR-10002280;54.348;9;22.3215
FUR-CH-10001708;3989.7340000000004;32;425.7596
OFF-AR-10000462;22.4;14;9.632
TEC-PH-10004165;7699.72;34;780.9716
FUR-FU-10003724;279.558;38;44.1936
FUR-FU-10003535;531.948;21;192.2142
OFF-ST-10003716;9630.856;47;429.7882
TEC-PH-10004586;5327.26;17;1043.855
OFF-BI-10004236;386.08399999999995;39;76.92320000000001
OFF-AR-10000422;29.346;16;3.7668
OFF-PA-10002870;124.8;20;56.16
OFF-ST-10000563;1426.308;50;-12.792
OFF-BI-10002854;611.054;36;106.51400000000001
FUR-CH-10001973;1775.6800000000003;21;-228.6188
TEC-AC-10000580;1039.8700000000001;14;43.1946
OFF-AR-10004022;705.208;22;111.53800000000001
TEC-AC-10004209;136.27599999999998;14;42.4214
TEC-AC-10000023;503.28;24;181.1808
TEC-PH-10003505;3415.0399999999995;46;384.192
OFF-LA-10000121;90.72;15;39.69
OFF-BI-10002026;2068.822;64;349.63320000000004
OFF-PA-10000994;2789.0099999999998;28;1262.394
OFF-BI-10002813;28.512;41;-16.137
OFF-AR-10004817;51.60000000000001;11;11.3004
OFF-AR-10001860;173.5;27;53.57680000000001
OFF-BI-10004970;147.02800000000002;44;50.7164
OFF-PA-10002968;169.01600000000002;8;70.3472
FUR-BO-10003433;322.19199999999995;14;-81.16760000000001
FUR-FU-10002554;167.92999999999998;7;38.62389999999999
TEC-PH-10003437;1229.836;21;127.483
OFF-AP-10003971;262.449;29;28.7496
FUR-CH-10003846;1242.0539999999999;13;139.3524
OFF-LA-10001404;44.28;13;18.8559
OFF-LA-10001474;573.9639999999999;20;244.24
OFF-PA-10003072;110.16;19;46.13759999999999
FUR-FU-10004960;390.66;17;132.8244
TEC-AC-10003116;536.05;32;189.57000000000002
OFF-AP-10004859;432.432;35;60.42399999999999
OFF-PA-10002659;68.276;21;29.946800000000003
OFF-BI-10004139;133.86;14;21.825000000000003
OFF-AR-10002818;197.82;9;59.346000000000004
OFF-AP-10001303;147.26;9;48.754999999999995
OFF-ST-10002574;4199.456;35;-635.444
FUR-FU-10004018;536.04;36;144.73080000000002
TEC-PH-10002549;3839.62;22;162.6192
OFF-PA-10004911;196.98000000000002;21;94.5504
TEC-MA-10002178;1391.4;4;-55.656
OFF-AR-10000411;86.076;6;19.128
OFF-LA-10000262;56.376000000000005;23;23.959799999999998
OFF-PA-10000466;76.836;12;36.396
OFF-AR-10003829;93.152;30;23.287999999999997
OFF-BI-10001758;100.392;23;35.297399999999996
OFF-BI-10000136;68.17200000000001;12;30.8568
OFF-ST-10000649;251.2;17;51.025000000000006
OFF-PA-10003641;970.784;40;400.976
FUR-CH-10002961;1437.484;19;54.588
OFF-PA-10004041;161.32;25;59.57
TEC-PH-10001336;3044.164;27;571.4257
TEC-MA-10003183;1343.9160000000002;11;463.971
TEC-AC-10001314;1229.754;27;-11.99760000000001
TEC-AC-10004510;778.736;50;42.536
OFF-BI-10000042;33.108000000000004;9;7.1556
FUR-TA-10003008;2847.7799999999997;20;-328.59
OFF-AP-10003590;3051.3;9;697.44
OFF-PA-10000806;1097.2079999999999;20;526.2120000000001
OFF-AR-10000896;24.272;8;4.8544
TEC-PH-10002310;3168.606;22;581.6466
OFF-ST-10002289;406.784;13;14.301000000000002
OFF-PA-10001289;1279.08;37;547.6788
OFF-FA-10000053;48.006;29;-5.7078
OFF-EN-10003001;1360.476;18;559.3068000000001
FUR-TA-10002958;6942.068;36;-856.0144
FUR-TA-10001676;653.121;22;-148.39619999999996
OFF-BI-10000822;67.25;17;19.6908
OFF-PA-10004888;151.63199999999998;25;67.392
FUR-TA-10002622;1436.232;12;-143.62319999999997
OFF-PA-10000418;1782.4499999999998;19;746.5319999999999
FUR-TA-10001039;2764.257;47;-226.12739999999997
OFF-AR-10002240;573.648;16;126.8064
OFF-BI-10002867;1291.248;26;451.9368
FUR-FU-10003976;196.248;17;55.1004
TEC-PH-10002922;2906.628;21;422.475
OFF-PA-10000501;231.856;10;94.36
OFF-AP-10004980;303.36;14;-20.476799999999997
TEC-PH-10001750;1385.7899999999997;24;229.64520000000002
OFF-BI-10003708;122.17999999999999;28;7.449999999999999
OFF-BI-10001191;422.63599999999997;28;59.0672
OFF-PA-10003673;245.43599999999998;38;106.3104
OFF-PA-10001639;143.85600000000002;24;62.985600000000005
TEC-AC-10004975;1913.13;18;587.133
OFF-BI-10004364;125.33399999999997;38;1.1879999999999988
OFF-PA-10001712;149.85000000000002;15;67.4325
FUR-CH-10004289;2389.9020000000005;30;-1.7763568394002505e-15
TEC-PH-10002564;689.77;27;122.959
OFF-BI-10004876;16.402;8;5.0596000000000005
TEC-PH-10004348;133.128;5;3.6979999999999995
OFF-BI-10004352;35.775;6;15.525
OFF-BI-10000666;653.984;29;210.86400000000003
TEC-MA-10000010;3040.0;8;1459.2
OFF-BI-10000977;1100.48;47;328.928
FUR-TA-10002530;3457.4419999999996;30;-392.54800000000006
FUR-FU-10001473;839.676;57;176.32469999999998
OFF-BI-10001765;554.24;22;157.95839999999998
FUR-CH-10000847;4626.582;18;750.7284
OFF-PA-10001293;79.056;13;35.2512
OFF-AR-10000634;81.32000000000001;23;9.4588
FUR-FU-10004270;426.56000000000006;51;116.7148
OFF-AR-10003770;25.92;9;7.5168
OFF-LA-10003121;66.08;17;28.166600000000003
OFF-PA-10002262;142.56;22;68.4288
OFF-PA-10002464;106.35199999999999;19;50.343799999999995
OFF-ST-10002214;318.378;30;67.74000000000001
OFF-PA-10000130;57.352;16;19.688000000000002
TEC-AC-10000865;708.0;12;120.36
OFF-FA-10003021;34.592;22;7.708
TEC-PH-10003580;2252.4320000000002;15;-119.119
TEC-AC-10001109;773.7420000000001;28;286.70439999999996
OFF-PA-10001838;132.888;24;60.9168
OFF-ST-10004950;652.6239999999999;43;39.8392
OFF-PA-10003823;501.87600000000003;18;195.174
TEC-PH-10001300;477.65999999999997;24;115.64399999999999
FUR-TA-10003715;3140.5499999999997;18;-401.9904
TEC-MA-10004458;396.0;4;190.08
OFF-BI-10004965;184.0;20;57.5
OFF-AR-10001419;128.03;34;29.735999999999997
OFF-PA-10002586;101.592;22;43.5252
OFF-AR-10002221;18.2;8;3.016
FUR-FU-10002456;154.33599999999998;27;42.29679999999999
OFF-FA-10004968;58.344;16;-0.2991999999999999
OFF-PA-10001274;18.25;5;8.5775
OFF-PA-10001125;1102.888;41;404.289
OFF-ST-10000344;276.658;22;58.0176
OFF-ST-10003324;248.35999999999999;7;0.0
OFF-ST-10000419;317.77200000000005;24;-4.8888
OFF-AP-10001626;50.57000000000001;17;1.6338000000000008
FUR-FU-10003981;29.952;16;10.6496
OFF-ST-10001291;229.976;15;44.811499999999995
OFF-AP-10004868;91.68599999999999;18;-10.4118
OFF-LA-10002195;91.168;30;43.120000000000005
OFF-AR-10001315;38.720000000000006;25;7.48
OFF-EN-10003134;247.61599999999996;24;107.456
OFF-AR-10001955;511.87199999999996;28;123.008
OFF-LA-10001641;106.47000000000001;35;49.14
OFF-ST-10001370;2484.3;38;-78.07799999999997
TEC-AC-10003038;477.93000000000006;57;64.7085
OFF-BI-10000088;241.56;36;39.967200000000005
OFF-AR-10003504;127.54400000000001;32;30.3024
OFF-EN-10003160;65.52;9;31.4496
TEC-AC-10003280;563.812;21;66.27789999999999
TEC-PH-10000169;216.95999999999998;14;-15.594
OFF-PA-10001526;114.54;28;43.4256
OFF-AP-10004336;546.816;12;61.5168
OFF-PA-10001357;651.4399999999999;14;302.728
OFF-FA-10000992;66.03;19;30.2815
OFF-AR-10001221;75.348;14;20.0928
TEC-PH-10004830;201.568;4;22.6764
OFF-PA-10004519;60.032000000000004;15;25.759999999999998
FUR-BO-10000362;2154.348;14;311.1836
OFF-PA-10000308;16.896;4;5.28
OFF-SU-10001165;95.076;12;21.016799999999996
FUR-FU-10001488;2267.9719999999998;25;148.372
OFF-AR-10003251;43.924;17;15.568
OFF-AR-10001044;618.5620000000001;27;120.33370000000001
OFF-AR-10000823;19.292;12;3.5672
OFF-AR-10004456;234.24;16;67.92960000000001
OFF-BI-10000591;26.063000000000002;8;9.880600000000001
TEC-PH-10000441;2746.582;25;478.76200000000006
TEC-AC-10004855;461.86800000000005;16;-58.783199999999994
OFF-AR-10001915;287.96999999999997;31;109.4286
OFF-ST-10000352;208.18;8;5.948
OFF-PA-10000575;218.094;34;95.2656
FUR-FU-10002937;2699.056;29;1260.221
TEC-AC-10003063;440.0;18;84.5
FUR-FU-10004415;46.592000000000006;16;-2.8672
OFF-ST-10002011;4778.766;12;1106.6616
TEC-PH-10000038;2027.3039999999999;18;-339.7104
OFF-PA-10002689;155.52;25;71.28
TEC-CO-10001766;5669.874;15;2092.4535
OFF-PA-10004359;1887.2999999999997;19;851.3820000000001
OFF-FA-10001135;13.068000000000001;7;-0.5147999999999999
OFF-BI-10004224;1089.936;36;-242.20800000000003
TEC-PH-10003357;596.622;10;45.894000000000005
OFF-PA-10004475;615.552;12;279.1968
OFF-PA-10003001;85.50399999999999;13;40.3472
OFF-FA-10000611;36.111999999999995;27;15.332799999999999
OFF-BI-10001116;117.74399999999999;46;-8.5536
TEC-PH-10004922;1085.238;19;130.6305
OFF-BI-10002353;342.7680000000001;42;18.52799999999999
OFF-FA-10002676;24.977999999999998;15;7.602000000000001
TEC-AC-10003023;759.936;14;78.36840000000001
OFF-PA-10000167;489.48400000000004;18;182.782
TEC-PH-10002185;79.23;13;29.5375
FUR-FU-10000758;513.712;23;123.9264
TEC-MA-10004679;2330.65;13;-785.7620000000001
OFF-AP-10002495;452.96500000000003;8;105.485
OFF-BI-10002414;66.40899999999999;12;-13.281800000000004
TEC-AC-10003133;13.616;2;3.5742
TEC-AC-10002006;556.4520000000001;39;126.1611
OFF-LA-10002381;24.023999999999997;8;11.211200000000002
OFF-FA-10001843;50.388;22;21.5878
OFF-LA-10003077;58.48;8;27.4856
OFF-PA-10003424;25.227999999999998;8;10.388
OFF-PA-10004405;29.204;11;12.1584
FUR-BO-10003965;1646.9180000000001;12;-285.9484
FUR-FU-10002088;170.62;22;56.035199999999996
TEC-AC-10000736;1615.798;21;540.7324
FUR-BO-10003966;1427.683;10;-8.548999999999992
OFF-AP-10000828;3511.012;24;383.6776
OFF-AP-10002906;9.768;6;0.4439999999999999
OFF-AP-10003860;244.288;10;41.64
FUR-TA-10001307;3739.1150000000002;14;608.043
OFF-PA-10001457;186.49599999999998;14;72.7936
OFF-AP-10002082;239.57999999999998;14;41.382000000000005
TEC-AC-10003590;626.5379999999999;25;212.29799999999997
OFF-PA-10004355;79.056;14;31.8816
OFF-PA-10004947;48.792;12;20.544
FUR-TA-10004607;2040.054;18;-115.3074
OFF-PA-10003893;109.568;28;43.656
TEC-PH-10001817;8878.4;32;515.52
FUR-BO-10000330;1064.624;10;24.196
OFF-BI-10001900;124.59200000000001;26;42.0498
FUR-BO-10003159;1909.8178000000003;19;-78.18639999999999
FUR-FU-10001591;270.84000000000003;23;108.092
OFF-LA-10002034;88.38000000000001;18;43.3062
OFF-BI-10001628;287.868;39;64.14450000000001
OFF-ST-10000877;1072.626;20;254.334
OFF-AR-10004752;49.128;19;12.6024
OFF-PA-10000675;1565.818;40;729.622
OFF-PA-10001609;73.696;25;29.281000000000002
TEC-PH-10001615;481.234;17;131.3247
TEC-AC-10004568;1086.012;41;156.46410000000003
FUR-CH-10001854;8774.5;28;1305.6455999999998
OFF-AR-10000475;83.952;8;15.857600000000001
TEC-PH-10000455;1159.9;10;336.371
OFF-PA-10001994;121.392;6;48.556799999999996
TEC-AC-10002926;1409.718;30;554.889
TEC-PH-10004897;257.742;30;-38.961
FUR-FU-10001196;125.786;26;20.772
OFF-PA-10000595;351.736;16;154.3984
OFF-LA-10000443;66.42;22;23.394599999999997
OFF-LA-10001771;93.624;22;34.4616
OFF-AP-10001394;1946.6999999999998;13;374.22
FUR-FU-10002553;117.28;5;-16.4925
OFF-AP-10004233;299.20799999999997;9;-177.22320000000002
FUR-CH-10004754;803.464;31;125.0166
OFF-PA-10000809;60.912000000000006;11;23.846400000000003
FUR-FU-10002878;467.072;17;162.0512
TEC-PH-10002624;6109.870000000001;15;1104.4765
TEC-PH-10002885;12996.600000000002;24;1611.5784
TEC-PH-10000895;6227.654;40;899.95
TEC-MA-10000488;9279.884;14;1327.9834
OFF-PA-10003729;46.656;9;16.3296
OFF-AP-10001005;1761.7599999999998;23;549.7635
FUR-CH-10000988;5294.456;44;833.5952
FUR-FU-10001986;581.172;14;81.568
FUR-FU-10004973;678.24;51;120.9528
OFF-ST-10000464;368.456;11;93.1568
OFF-PA-10000528;70.752;14;30.096
OFF-PA-10003129;684.74;14;321.8278
OFF-AR-10003631;123.904;30;26.619999999999997
OFF-BI-10002133;834.6;42;-82.17599999999999
TEC-PH-10004959;341.666;4;40.196
FUR-BO-10001918;1014.174;10;-418.548
FUR-FU-10001617;66.56;7;18.512
TEC-PH-10002824;2018.702;13;10.299500000000009
OFF-PA-10003309;104.976;19;40.9536
OFF-ST-10002554;1281.442;29;-108.58019999999999
OFF-AR-10002067;531.712;27;135.30880000000002
FUR-TA-10004175;1296.028;6;-177.3512
FUR-TA-10004767;638.8199999999999;12;34.0704
OFF-EN-10002621;78.24;9;34.23
OFF-LA-10003714;21.75;7;8.100000000000001
FUR-FU-10001889;265.104;27;74.7972
OFF-AR-10003723;20.279999999999998;6;7.5036000000000005
OFF-PA-10000241;458.504;16;185.88
OFF-AR-10001446;196.35;20;34.650000000000006
OFF-BI-10001359;19823.479000000003;37;2233.5051000000003
OFF-EN-10001749;29.808;2;10.8054
OFF-BI-10004390;4209.8;15;1052.45
TEC-PH-10004924;56.164;8;13.0064
FUR-CH-10000155;3528.790000000001;14;514.366
OFF-BI-10001757;112.668;48;-10.135200000000001
FUR-FU-10004093;260.148;8;68.46000000000001
FUR-FU-10001037;168.744;23;48.822
OFF-PA-10001878;1320.57;30;542.901
TEC-MA-10003674;597.132;3;49.761
OFF-LA-10003190;78.33600000000001;30;34.272000000000006
TEC-PH-10001809;1259.58;10;134.95499999999998
OFF-BI-10003091;4322.814;23;1592.4977999999999
FUR-CH-10003981;4420.0560000000005;24;41.1168
OFF-ST-10002562;219.49200000000002;28;30.3912
TEC-PH-10004345;2063.14;21;299.87500000000006
TEC-PH-10001198;709.92;12;79.866
OFF-PA-10001972;215.136;37;90.46079999999999
TEC-PH-10002483;1631.952;6;142.79579999999999
FUR-BO-10000468;723.842;21;-133.1092
TEC-AC-10001284;469.402;24;150.3748
OFF-BI-10002082;1041.6640000000002;47;259.584
OFF-ST-10001505;180.596;33;16.8038
OFF-AR-10004582;24.272;17;8.937999999999999
TEC-AC-10002842;3998.4;35;499.8
OFF-AP-10004785;203.94;18;87.6942
TEC-AC-10002217;443.67999999999995;25;1.8799999999999972
OFF-BI-10002954;51.184000000000005;20;3.656
OFF-AP-10003281;149.916;15;22.971
OFF-SU-10000898;458.70000000000005;36;103.416
OFF-BI-10001249;170.98400000000004;41;29.73079999999999
TEC-AC-10002718;265.538;21;5.106499999999999
TEC-PH-10002352;1394.95;5;362.687
FUR-CH-10003774;4166.884;59;-503.1194
OFF-AR-10000127;65.60000000000001;22;14.366399999999999
TEC-PH-10003811;2159.82;22;259.1784
OFF-BI-10002393;57.39999999999999;16;7.8064
FUR-TA-10002855;2297.538;19;100.97460000000001
OFF-EN-10000781;75.164;10;28.842
OFF-PA-10002160;174.55599999999998;34;74.33080000000001
OFF-AR-10002257;50.768;18;9.2852
OFF-FA-10004395;77.244;18;-3.297
OFF-AP-10002534;2946.2;18;-872.0752
FUR-BO-10003034;1912.308;18;-68.1096
OFF-ST-10000943;614.058;35;127.446
OFF-PA-10000533;83.712;15;30.737999999999996
OFF-ST-10001172;407.012;22;56.2264
OFF-PA-10001661;11.952;3;4.3326
OFF-BI-10004817;156.93800000000002;27;-11.2612
FUR-CH-10003833;1890.3799999999999;39;-131.107
FUR-FU-10003142;152.06400000000002;30;42.767999999999994
TEC-AC-10001114;591.852;15;183.954
OFF-FA-10002975;77.11200000000001;24;28.123200000000004
OFF-ST-10003996;218.416;14;52.034400000000005
OFF-BI-10002571;99.80000000000001;19;-0.698599999999999
OFF-PA-10000477;172.77599999999998;33;76.1832
OFF-BI-10004209;182.50799999999998;42;-3.216000000000001
TEC-AC-10002800;1619.6760000000002;34;514.897
FUR-TA-10003954;7404.5;30;-681.2139999999999
TEC-AC-10003289;499.75;26;99.55019999999999
TEC-PH-10002468;1468.692;13;178.1469
OFF-PA-10001295;405.958;24;169.21239999999997
OFF-LA-10000248;68.634;19;31.4757
OFF-FA-10004076;24.552;15;5.841
OFF-LA-10004008;24.192;10;8.64
OFF-AR-10001177;42.64;14;10.0368
OFF-BI-10001718;2264.8919999999994;50;569.422
OFF-AR-10004602;533.368;25;119.548
OFF-ST-10000078;10925.004;43;1575.1097999999997
OFF-AR-10004272;8.4;5;2.1
TEC-PH-10001578;3968.51;12;518.336
OFF-ST-10003638;449.664;21;90.6354
FUR-BO-10002213;12921.643;42;19.686399999999992
OFF-EN-10003040;240.764;11;88.1929
TEC-PH-10000923;239.84;21;79.2971
FUR-FU-10003623;508.728;21;99.5808
OFF-AP-10000124;38.272;7;-3.6608
OFF-AR-10004511;47.080000000000005;11;14.5948
OFF-PA-10003883;119.21;19;52.007
TEC-PH-10002807;419.23;15;122.60499999999999
FUR-FU-10002364;183.024;33;10.110600000000002
OFF-SU-10001664;159.402;21;26.2242
FUR-TA-10003238;4297.644;11;-611.5878
TEC-PH-10001536;234.46200000000002;15;45.873000000000005
OFF-AR-10004956;47.988;10;8.37
OFF-AR-10003696;124.488;4;26.2808
OFF-PA-10000551;54.908;11;25.8482
OFF-BI-10004506;66.663;12;15.307799999999999
OFF-PA-10000740;237.536;12;89.5328
FUR-CH-10002084;2705.7799999999997;23;499.3394
OFF-AP-10000692;344.59000000000003;19;67.2964
OFF-AP-10000252;128.7;12;37.44
FUR-FU-10004748;575.46;12;107.41919999999999
OFF-AR-10000538;405.36;15;109.785
TEC-PH-10001079;1903.84;19;276.0568
OFF-AP-10003842;693.952;24;143.74720000000002
FUR-CH-10000553;685.588;23;115.7354
OFF-AR-10003469;42.944;27;18.233600000000003
OFF-PA-10003790;575.568;26;254.89440000000002
FUR-BO-10002202;400.0268;3;-113.2606
OFF-AP-10002765;386.754;15;100.66199999999999
OFF-ST-10003692;1053.032;21;151.65949999999998
TEC-PH-10001051;1119.888;14;125.98740000000001
OFF-AR-10000817;88.16;30;27.968
OFF-SU-10000952;97.68;11;27.3504
FUR-FU-10004597;344.09999999999997;8;-42.18000000000001
OFF-BI-10002982;143.01;41;-2.179200000000002
OFF-PA-10004285;133.6;21;60.654399999999995
OFF-AP-10001391;812.1600000000001;9;235.52639999999997
TEC-PH-10001944;2481.15;19;540.015
OFF-PA-10001776;246.58199999999997;28;109.01520000000002
TEC-AC-10004145;7399.704;31;1432.4427
OFF-PA-10003919;7.968;2;2.6892
OFF-PA-10002001;12.96;2;6.3504
OFF-PA-10002787;120.528;22;46.396800000000006
OFF-ST-10003123;858.882;26;201.07160000000002
FUR-FU-10000308;1579.3719999999998;26;318.3616
TEC-CO-10003763;11619.833999999999;19;4570.9347
FUR-TA-10001866;519.941;4;-39.4438
OFF-AP-10002222;107.508;13;25.229699999999998
OFF-PA-10003971;56.212;10;25.714
OFF-AP-10004036;199.72799999999998;16;17.52
OFF-AP-10002287;83.90400000000001;22;12.7604
FUR-TA-10001950;6518.754;19;-1201.0581
TEC-PH-10001527;618.4800000000001;15;-6.4425
TEC-AC-10003095;2157.8340000000003;17;699.3462
TEC-AC-10000358;888.9659999999999;24;196.02839999999998
OFF-EN-10004147;50.232;9;22.7838
FUR-FU-10001468;3317.0119999999997;25;-530.0379999999999
OFF-PA-10000380;281.892;37;127.60199999999999
OFF-AP-10000026;1243.788;27;74.99310000000001
OFF-PA-10003936;76.464;13;32.6592
FUR-FU-10002501;409.53600000000006;39;98.9712
OFF-AP-10001205;1776.0480000000002;40;207.02399999999994
OFF-BI-10004141;17.49;13;-4.8336
OFF-BI-10000632;1219.821;38;329.04779999999994
TEC-AC-10004864;379.704;12;129.97560000000001
TEC-MA-10000597;299.97;5;34.996500000000005
OFF-PA-10002960;34.86;7;16.3842
OFF-PA-10000919;155.04;4;75.9696
OFF-BI-10001553;110.594;22;6.032399999999999
OFF-AP-10004540;1042.08;13;291.7824
FUR-CH-10001714;1689.968;13;-114.6764
FUR-FU-10002298;2064.2279999999996;24;-173.12879999999998
OFF-AR-10000315;23.332;8;4.912000000000001
OFF-FA-10000936;67.116;23;25.497500000000002
OFF-SU-10004768;35.587999999999994;7;7.462
OFF-PA-10002581;755.912;30;244.742
OFF-AP-10002403;448.90199999999993;14;-7.041599999999996
OFF-AR-10003087;24.92;15;5.696
TEC-PH-10000141;488.32599999999996;11;-48.8326
TEC-CO-10000971;4199.860000000001;16;839.972
OFF-FA-10001229;29.868000000000002;9;10.7682
OFF-BI-10002437;110.01599999999999;9;39.880799999999994
OFF-PA-10004255;97.20000000000002;15;46.65599999999999
OFF-PA-10001184;138.736;24;65.5408
TEC-AC-10002637;3743.7920000000004;22;21.59880000000001
FUR-BO-10000780;2946.3668000000007;22;-767.7436
TEC-PH-10003072;3059.7960000000003;25;1147.4235
TEC-MA-10000112;2396.4;10;179.73
TEC-AC-10004171;2619.738;29;995.9004000000001
FUR-TA-10002645;3481.515;20;-295.815
OFF-BI-10003784;11.088;15;-2.016
OFF-BI-10001617;184.05200000000002;26;41.5668
FUR-CH-10002439;1589.406;31;253.83920000000003
OFF-AP-10003057;3855.1800000000003;14;1503.5202
FUR-TA-10000849;1007.262;13;-586.8396
OFF-EN-10002973;53.760000000000005;12;25.8048
OFF-BI-10003963;100.464;16;38.729600000000005
OFF-LA-10000081;50.25;14;22.950000000000003
OFF-PA-10000726;160.33599999999998;19;65.1365
OFF-PA-10004983;141.264;23;63.7632
FUR-FU-10002107;37.464000000000006;19;13.736799999999999
FUR-CH-10001190;1087.92;10;-149.589
TEC-AC-10000682;321.84599999999995;20;106.176
OFF-LA-10004545;235.564;20;102.74600000000001
OFF-SU-10002557;75.492;6;13.420799999999998
TEC-PH-10000912;61.544;8;14.0672
OFF-ST-10001837;1240.04;31;259.12559999999996
OFF-AR-10001473;28.208000000000002;10;4.264
TEC-PH-10001835;2022.272;14;872.1048000000001
OFF-PA-10002245;191.35999999999999;33;82.823
OFF-EN-10004483;488.904;32;223.1408
OFF-SU-10000151;17030.311999999998;11;-262.00480000000005
OFF-AP-10001293;1073.676;30;188.508
TEC-PH-10000675;590.328;9;44.2746
OFF-ST-10003470;6819.312000000001;25;181.66199999999998
OFF-LA-10004559;66.816;24;31.564799999999998
OFF-AP-10002651;6832.908;31;460.35269999999986
TEC-AC-10002550;619.416;27;9.148499999999995
OFF-BI-10000829;141.884;35;57.022999999999996
TEC-PH-10002555;2744.87;13;253.77100000000002
FUR-BO-10003450;649.376;14;-97.4064
FUR-FU-10004665;2191.68;16;569.8368
TEC-PH-10000369;2041.038;19;317.4948
TEC-AC-10001590;125.0;5;30.0
FUR-FU-10004909;193.92000000000002;18;4.847999999999999
FUR-BO-10004357;2904.1609999999996;17;-170.83299999999997
TEC-AC-10000387;75.1;6;1.2015999999999998
OFF-BI-10001308;108.644;30;5.023999999999999
OFF-AP-10002734;675.12;3;290.3016
FUR-FU-10004587;163.332;15;3.141000000000002
TEC-PH-10004833;279.63;26;-31.07
FUR-FU-10001847;48.852000000000004;12;17.0568
FUR-FU-10002045;377.90999999999997;17;166.28040000000001
FUR-FU-10004671;176.7;14;23.324400000000004
FUR-TA-10003569;6776.562000000001;21;461.12700000000007
OFF-PA-10001752;32.868;7;15.0894
TEC-MA-10003356;1619.82;5;-22.497500000000002
OFF-AR-10003727;254.85000000000002;17;49.780699999999996
TEC-AC-10001635;148.03199999999998;15;24.672
OFF-LA-10003663;35.258;13;15.3459
TEC-CO-10004722;61599.824;20;25199.928000000004
TEC-MA-10002210;1212.705;10;-1057.23
OFF-BI-10003196;43.757999999999996;34;-19.822
FUR-CH-10002017;245.088;12;14.918400000000002
FUR-FU-10003829;65.296;23;17.1248
OFF-PA-10000697;49.504;12;20.372799999999998
OFF-AR-10004691;171.04;8;44.4704
OFF-BI-10000948;146.981;17;18.408299999999997
OFF-PA-10000223;84.24;14;37.0656
OFF-PA-10000062;857.3760000000001;17;380.87280000000004
FUR-BO-10003404;3447.84;8;206.87040000000002
OFF-BI-10004233;310.206;31;52.447199999999995
TEC-PH-10002834;3815.7880000000005;23;710.9605000000001
FUR-CH-10003761;969.252;8;204.3288
OFF-PA-10004665;227.94;20;94.32000000000001
OFF-BI-10001196;239.466;17;37.8222
TEC-MA-10002981;350.973;3;152.0883
TEC-PH-10003601;1979.88;12;593.964
OFF-BI-10002003;72.038;27;15.0842
OFF-PA-10003016;72.848;24;31.400000000000002
OFF-PA-10002246;119.97;22;47.601
TEC-PH-10002890;1339.104;35;167.388
TEC-MA-10003626;1396.21;6;139.621
TEC-MA-10002412;22638.48;6;-1811.0784
OFF-AR-10003183;65.46399999999998;24;9.351999999999999
OFF-PA-10002319;573.648;16;257.3664
OFF-PA-10001246;45.36;7;21.7728
OFF-PA-10001815;960.8;20;461.18399999999997
FUR-FU-10001876;636.608;22;179.2896
TEC-PH-10000673;1221.8120000000001;25;376.942
TEC-PH-10002075;377.97;3;109.6113
TEC-PH-10003691;3099.3540000000003;27;548.0565
OFF-SU-10000157;2982.75;26;-57.268800000000006
TEC-AC-10004227;329.946;31;-48.5826
TEC-AC-10004127;27.168;4;-1.3584
FUR-CH-10002758;1268.696;7;73.194
OFF-ST-10000532;1115.92;31;233.18880000000001
TEC-AC-10003709;19.008;21;7.3656
OFF-BI-10003166;68.88;23;-68.4208
OFF-ST-10004835;35.712;8;2.6784
OFF-AP-10000159;558.74;15;101.003
OFF-AP-10001242;1207.2;20;80.47999999999998
TEC-AC-10003433;11.682;13;4.6035
TEC-PH-10003187;147.92600000000002;9;-31.984
OFF-FA-10002763;87.69000000000001;25;20.54
OFF-PA-10004239;47.08;12;18.831999999999997
OFF-PA-10004782;97.20000000000002;15;46.656
FUR-FU-10001185;822.7379999999999;28;311.7744
OFF-PA-10003270;84.48000000000002;18;32.208000000000006
OFF-PA-10002421;284.382;15;108.33600000000001
OFF-PA-10002923;597.068;13;278.95799999999997
OFF-ST-10001128;2730.108;26;-68.80759999999998
OFF-PA-10000520;110.16;19;46.1376
FUR-FU-10003832;155.708;20;20.636
FUR-FU-10000409;98.868;7;42.2436
TEC-PH-10004389;1310.296;11;284.7374
OFF-SU-10000946;153.216;21;34.2342
FUR-FU-10001546;108.93599999999998;15;-11.213999999999997
OFF-PA-10000791;115.43399999999998;26;47.223000000000006
OFF-PA-10003739;11.56;2;5.6644
FUR-FU-10000771;138.16;22;58.0272
OFF-ST-10002615;6574.544000000001;43;1640.5348000000001
OFF-PA-10000327;113.84800000000001;28;47.936
OFF-EN-10003286;284.832;35;131.238
OFF-AR-10003772;43.75;5;13.125
OFF-AR-10003338;139.87199999999999;20;28.272
FUR-FU-10002116;763.6679999999999;15;-222.7365
FUR-CH-10000422;2647.809;34;49.13459999999999
FUR-FU-10002685;56.099999999999994;3;21.317999999999998
FUR-FU-10004963;159.25;22;47.6
OFF-BI-10000174;191.97999999999996;47;50.227999999999994
FUR-CH-10004875;1501.898;24;254.82440000000005
FUR-FU-10000305;468.468;7;51.105599999999995
TEC-PH-10001459;13943.668000000001;39;1822.7566000000002
FUR-FU-10002445;216.144;25;73.944
OFF-PA-10000213;75.696;16;33.4656
FUR-CH-10001797;881.192;26;170.8512
OFF-PA-10003848;178.848;30;77.75999999999999
FUR-FU-10000755;93.6;15;23.4
FUR-FU-10000550;72.708;19;9.3126
TEC-MA-10004521;206.991;3;-172.4925
OFF-BI-10003655;37.239999999999995;11;15.085999999999999
OFF-AP-10003779;1473.108;8;311.21999999999997
OFF-FA-10002701;13.440000000000001;8;0.5376000000000001
OFF-BI-10002799;117.58599999999998;40;5.698
OFF-AR-10003582;523.59;20;118.22999999999999
FUR-FU-10004666;119.556;10;27.701999999999998
OFF-EN-10002312;108.68200000000002;10;52.123
FUR-CH-10002320;6483.796;22;1540.704
OFF-AR-10001216;26.688000000000002;10;6.116
FUR-FU-10003247;369.248;21;-40.49139999999999
FUR-TA-10003837;51.782;5;-17.514499999999998
TEC-PH-10002350;251.90999999999997;10;50.382
TEC-AC-10000397;419.88;12;29.3916
TEC-AC-10004001;386.90999999999997;10;133.269
OFF-PA-10001534;127.00800000000001;21;56.246399999999994
FUR-FU-10002379;331.76;8;39.8112
TEC-PH-10000526;2630.1259999999997;32;418.5164
OFF-PA-10001977;443.84000000000003;9;184.1936
FUR-BO-10003660;729.2339999999999;4;48.6156
OFF-BI-10001267;72.806;20;8.638000000000003
OFF-PA-10002741;34.24;8;15.408
OFF-PA-10001471;116.96000000000001;16;53.8016
TEC-MA-10001972;3210.7999999999997;12;111.68
FUR-FU-10003464;210.912;11;59.217600000000004
OFF-PA-10004438;122.8;10;57.716
FUR-FU-10004586;81.008;16;25.7632
TEC-PH-10004908;1665.8039999999999;25;178.47899999999998
FUR-CH-10004495;6410.874000000001;26;854.7832000000001
TEC-MA-10000418;11099.963;9;-8879.9704
OFF-BI-10004600;7985.383;28;2318.3369999999995
OFF-BI-10004040;134.68;42;23.724400000000003
OFF-AR-10001615;460.2879999999999;25;93.24799999999999
TEC-PH-10001299;1679.888;15;59.995999999999995
OFF-AR-10004260;389.70000000000005;15;109.116
OFF-EN-10004773;433.72;15;196.72299999999998
OFF-BI-10001787;62.129999999999995;17;5.4282
OFF-ST-10002957;78.144;16;-6.336
OFF-FA-10001883;197.61200000000002;27;-10.3474
TEC-PH-10001644;335.888;12;76.7744
OFF-LA-10000407;95.61600000000001;20;41.832
TEC-AC-10000420;1399.8;21;429.73859999999996
OFF-EN-10004846;36.708;16;15.0024
OFF-SU-10003567;136.32000000000002;17;-21.984
OFF-ST-10002301;374.25600000000003;21;-48.6126
TEC-PH-10003095;491.68;27;195.355
TEC-PH-10004912;516.53;11;87.37049999999999
OFF-AR-10000799;37.696;7;7.478400000000001
OFF-PA-10004609;80.352;14;33.1776
TEC-PH-10003171;746.1700000000001;18;163.618
OFF-AP-10000595;43.7;10;11.362
TEC-AC-10003399;543.6;15;228.312
TEC-MA-10002428;2541.8360000000002;17;1092.6795
TEC-PH-10001128;2609.826;21;341.9772
OFF-PA-10001033;1434.6500000000003;39;619.3588999999998
TEC-AC-10000474;1690.8220000000001;20;360.96200000000005
FUR-FU-10002963;47.752;10;14.224
FUR-FU-10000193;467.71199999999993;20;-129.92
OFF-BI-10000962;410.004;36;111.28679999999999
OFF-AP-10002867;664.832;15;-78.016
FUR-BO-10002916;2487.759;15;410.352
FUR-TA-10004152;1088.6399999999999;16;-104.83200000000001
FUR-FU-10000672;258.72;22;87.96480000000001
FUR-BO-10002598;1320.228;19;362.7078000000001
OFF-PA-10004610;105.28800000000001;26;44.084
FUR-FU-10000320;82.832;30;26.72
FUR-CH-10003535;1396.442;28;-20.733200000000004
FUR-FU-10003919;98.13600000000001;6;-78.5088
OFF-PA-10000174;152.144;18;54.0728
FUR-FU-10002703;180.46;4;-46.403999999999996
TEC-PH-10002415;3657.38;15;339.1925
OFF-AR-10000657;45.14999999999999;22;13.459
OFF-PA-10004996;181.456;19;77.6343
OFF-PA-10003363;110.16;17;52.876799999999996
TEC-AC-10002305;324.0;18;58.32
TEC-AC-10000990;2098.88;16;881.5296
FUR-BO-10001608;1570.0775999999998;30;-26.972399999999993
FUR-BO-10000112;825.174;9;-117.882
TEC-PH-10004120;1589.0840000000003;13;271.2402
OFF-BI-10003476;135.801;31;43.4334
TEC-MA-10002859;917.8979999999999;11;393.2563
OFF-AP-10001947;289.45599999999996;31;-113.7672
OFF-LA-10001982;71.25;20;32.25
TEC-PH-10003484;2015.8400000000001;18;314.975
OFF-PA-10000007;51.120000000000005;15;21.96
OFF-PA-10000552;84.24000000000001;15;33.696
OFF-AR-10004062;157.2;15;39.3
OFF-ST-10000321;91.524;13;-6.9432
TEC-AC-10002134;105.144;9;0.8087999999999997
TEC-PH-10004071;199.8;25;17.4825
OFF-PA-10004039;615.78;12;273.1824
OFF-AR-10001725;297.99;13;70.477
OFF-AR-10004269;94.99;24;23.6236
OFF-BI-10003007;698.04;29;90.74520000000001
OFF-SU-10002522;44.232;12;11.174399999999999
TEC-AC-10004859;374.072;24;122.36
TEC-AC-10002558;54.57599999999999;5;17.6235
FUR-FU-10001731;93.98400000000001;37;32.7342
OFF-SU-10004782;179.14;24;37.18
OFF-SU-10000432;41.64;15;-7.807500000000001
OFF-LA-10004409;53.568;20;22.464
OFF-ST-10001031;270.24800000000005;18;53.3984
OFF-LA-10000476;20.65;5;9.498999999999999
OFF-AR-10002987;436.4800000000001;24;155.54559999999998
TEC-CO-10001571;4399.92;10;1649.9700000000003
FUR-FU-10003026;39.688;9;13.1164
OFF-ST-10001034;79.4;5;5.955
TEC-AC-10000521;80.78;8;16.156
OFF-SU-10003002;10.08;4;0.3024
TEC-PH-10000730;3999.92;8;1039.9792
FUR-CH-10004983;4185.48;31;342.88739999999996
OFF-FA-10001332;40.896;15;18.0
TEC-AC-10001874;551.908;11;89.985
OFF-BI-10000494;11.484;6;-5.741999999999999
FUR-TA-10003469;1040.625;12;-357.975
OFF-AR-10003179;229.57199999999997;28;58.668400000000005
FUR-CH-10003606;705.32;6;151.3232
FUR-CH-10003298;3680.5380000000005;35;-491.17499999999995
OFF-LA-10003537;62.650000000000006;5;29.445500000000003
OFF-PA-10000069;102.49199999999999;13;37.105900000000005
OFF-PA-10004733;82.368;13;29.8584
TEC-AC-10004814;170.97;3;70.0977
OFF-SU-10002301;23.864;9;-4.1133999999999995
OFF-BI-10004318;3234.9130000000005;23;1086.3772
FUR-FU-10004164;29.7;6;13.068000000000001
TEC-AC-10001539;1247.844;17;377.5528
TEC-PH-10002789;1154.326;12;-212.14640000000003
OFF-BI-10004828;256.122;18;102.4488
OFF-AR-10001770;34.58;13;8.9908
FUR-FU-10004904;1002.936;19;-267.44960000000003
FUR-FU-10002396;171.088;18;39.75279999999999
TEC-AC-10002331;232.764;26;72.5676
TEC-AC-10001090;107.964;4;9.5968
FUR-BO-10004218;3626.0056;34;-208.6504
TEC-PH-10001619;1803.108;10;411.579
OFF-PA-10000246;136.816;15;55.33
OFF-PA-10001461;86.84;14;38.2096
OFF-AR-10004165;25.992;12;10.6704
OFF-EN-10001028;100.63199999999999;9;42.4092
TEC-PH-10003535;159.984;2;13.9986
FUR-FU-10001085;216.34;14;75.346
OFF-AR-10003481;65.6;24;9.7088
OFF-PA-10002606;124.608;26;49.104
FUR-FU-10003731;149.70000000000002;15;41.916
OFF-AP-10001962;229.886;28;53.696000000000005
FUR-FU-10003798;158.24;10;27.692
OFF-AR-10002704;14.98;1;4.494
TEC-AC-10002942;1007.4000000000001;17;33.809999999999995
TEC-MA-10001016;575.82;6;67.179
TEC-AC-10001553;373.78000000000003;26;24.805399999999995
FUR-FU-10001215;681.454;17;256.1922
OFF-PA-10002499;244.7;5;122.35
TEC-PH-10003215;467.21999999999997;18;192.279
OFF-LA-10002945;153.72;29;55.062000000000005
OFF-AR-10002766;56.156;22;11.5092
TEC-PH-10004434;1386.69;12;228.39600000000002
FUR-BO-10000711;851.76;12;229.9752
OFF-BI-10001120;15875.916000000001;13;3345.2823
OFF-AP-10004655;47.544000000000004;5;10.188
FUR-BO-10004360;489.37919999999997;4;-70.8312
TEC-AC-10000199;44.03;9;-2.0229999999999997
TEC-MA-10001127;18374.895;12;4094.9766
OFF-AR-10001227;23.52;8;6.3504000000000005
FUR-CH-10000229;2032.3500000000001;10;-460.666
FUR-BO-10002853;540.804;9;-12.290999999999997
OFF-PA-10004022;29.97;3;13.4865
OFF-PA-10004248;36.96;8;13.728
OFF-PA-10001363;294.71999999999997;24;138.5184
OFF-BI-10003876;569.24;19;162.64000000000001
OFF-EN-10004007;62.28;4;29.2716
FUR-BO-10003894;802.0740000000001;14;106.47
TEC-MA-10001570;385.8;5;130.2075
FUR-FU-10003930;786.9;14;147.9372
OFF-PA-10000232;69.98400000000001;12;30.3264
OFF-AR-10001972;21.168;14;3.7632000000000003
OFF-AR-10004587;59.489999999999995;3;17.847
OFF-AP-10001366;186.66;17;50.398199999999996
OFF-BI-10000216;54.474000000000004;9;-3.891
TEC-MA-10001047;14299.89;11;3717.9714000000004
OFF-LA-10003720;84.86999999999999;25;35.9775
TEC-MA-10003246;447.968;4;139.99
FUR-FU-10000175;159.268;16;7.6888000000000005
OFF-PA-10000556;54.432;9;24.105600000000003
TEC-AC-10003237;103.88;11;37.418
OFF-EN-10003068;71.28;9;24.947999999999997
FUR-FU-10004053;234.784;13;84.80560000000001
OFF-PA-10000565;279.9;5;137.151
OFF-LA-10000414;155.25;15;74.52
OFF-AP-10002998;333.564;17;86.8566
FUR-BO-10004690;1072.344;9;-78.36359999999999
OFF-AR-10002445;209.568;30;77.88
FUR-BO-10003546;1474.308;22;-191.86200000000005
FUR-TA-10003392;3540.348;14;354.0348000000001
OFF-AR-10003217;46.944;11;8.2152
OFF-ST-10001932;4829.250000000001;26;509.9688
OFF-AR-10001761;123.80799999999999;24;34.1056
OFF-EN-10003567;197.82;10;81.326
OFF-PA-10003022;297.12;26;120.81179999999998
FUR-TA-10004442;917.92;5;-415.9325
OFF-ST-10000129;1287.9479999999999;12;48.8532
OFF-PA-10004948;29.88;6;14.0436
OFF-PA-10001725;178.296;5;79.458
TEC-PH-10000213;272.888;11;27.288800000000002
OFF-PA-10000807;70.19200000000001;17;31.629199999999997
OFF-ST-10003805;3537.24;19;536.9024999999999
OFF-PA-10004353;527.472;28;236.56320000000002
OFF-EN-10004206;325.86;2;149.8956
OFF-LA-10003388;5.76;2;2.8224
TEC-PH-10000193;496.58399999999995;12;88.2816
FUR-FU-10002111;59.696;10;14.56
OFF-ST-10000885;201.45000000000002;15;50.362500000000004
OFF-PA-10002709;89.7;16;40.9032
FUR-FU-10003424;151.656;16;35.4576
OFF-BI-10003718;1180.704;12;413.2464
FUR-FU-10002508;45.036;6;16.0128
OFF-AP-10004052;56.09;18;3.4759999999999995
OFF-PA-10003134;499.616;12;199.84640000000002
FUR-FU-10000719;145.69;17;52.4484
FUR-BO-10003893;1368.2620000000002;16;-103.482
TEC-CO-10001943;4119.794;25;1469.9265
FUR-CH-10000749;2207.956;13;231.6544
OFF-PA-10003228;1222.75;25;574.6925
TEC-AC-10001542;107.912;10;14.924
TEC-AC-10004877;154.56;23;8.556000000000001
TEC-PH-10001305;1283.538;32;154.8084
OFF-PA-10000483;415.13200000000006;15;159.54700000000003
TEC-AC-10000487;25.96;5;5.5165
TEC-AC-10002018;88.074;14;32.2938
OFF-PA-10004381;422.752;10;172.94400000000002
OFF-EN-10001453;939.092;16;421.9816
OFF-SU-10001212;9.568;5;2.2880000000000003
OFF-BI-10000201;25.830000000000002;25;-4.92
TEC-AC-10004396;174.24;12;-19.602
OFF-AR-10002467;37.548;13;9.267800000000001
FUR-FU-10002813;291.45599999999996;15;97.152
TEC-MA-10000752;41.905;8;-20.519
FUR-FU-10004845;702.4399999999999;14;123.96
OFF-FA-10000840;12.996;13;5.1414
OFF-AR-10001231;29.4;14;8.232
TEC-PH-10004875;9.588;2;-2.0774
FUR-CH-10001802;967.8399999999999;10;12.097999999999999
TEC-PH-10003356;75.49199999999999;13;10.0656
OFF-AP-10002670;277.92;4;83.376
OFF-FA-10003485;26.724;12;9.7464
OFF-AP-10000390;170.744;11;-325.6332
OFF-PA-10002764;170.10000000000002;15;83.34899999999999
OFF-PA-10000143;144.672;29;65.0496
TEC-MA-10000045;6965.700000000001;6;3343.536
OFF-ST-10000136;341.41999999999996;10;59.55
TEC-PH-10004522;467.92;11;-14.622499999999999
TEC-PH-10002584;6134.701999999999;13;438.193
FUR-CH-10004626;1947.177;20;413.649
TEC-PH-10000562;688.138;9;-31.077199999999998
FUR-FU-10001025;53.46;17;6.3666
OFF-LA-10004178;45.43;12;18.6676
OFF-PA-10003797;187.92;29;90.2016
OFF-EN-10003448;88.008;9;35.898
OFF-AP-10000938;2221.56;24;476.6256000000001
OFF-SU-10004737;88.92;13;24.0084
FUR-TA-10001691;136.464;2;15.3522
TEC-MA-10003173;131.1;10;60.306
OFF-LA-10000305;97.02;16;42.588
TEC-PH-10002583;215.89199999999997;12;-11.994
OFF-AR-10003876;26.08;9;9.6496
OFF-PA-10003063;52.8;15;21.6
OFF-PA-10003302;1098.6399999999999;32;497.5776
TEC-MA-10000423;204.507;12;64.6506
TEC-AC-10004992;202.68;6;16.2144
OFF-BI-10004099;52.992000000000004;20;-23.808
OFF-PA-10001215;77.088;17;27.72
TEC-AC-10003870;5609.83;17;2243.932
OFF-AP-10000275;5906.52;18;1653.8256000000001
FUR-FU-10003192;1545.816;18;362.4672
OFF-PA-10000859;18.308;5;8.358
OFF-AR-10000614;67.83000000000001;19;17.6358
OFF-FA-10000089;19.6;5;9.604
FUR-TA-10001771;3603.2880000000005;19;311.82300000000004
FUR-CH-10002044;694.194;7;-158.48579999999998
FUR-TA-10001086;2979.004;26;54.71640000000002
OFF-PA-10000048;6.48;1;3.1104
TEC-MA-10002109;449.97;4;47.9968
OFF-PA-10003036;64.064;11;20.8208
TEC-PH-10001870;281.658;6;6.123
OFF-ST-10002182;284.104;16;-43.4512
TEC-PH-10001468;546.06;3;163.818
OFF-AR-10004010;671.808;20;153.95600000000002
OFF-ST-10003572;99.11999999999999;7;7.434
OFF-ST-10003994;849.3119999999999;16;-47.184
FUR-CH-10001545;1686.904;18;-36.473600000000005
FUR-FU-10004245;194.68800000000002;10;68.952
OFF-EN-10002592;176.01600000000002;17;77.58600000000001
OFF-AR-10000914;102.60799999999999;10;16.324
OFF-LA-10003498;266.4;18;133.2
TEC-MA-10003329;71.976;3;24.2919
FUR-FU-10000747;1002.3639999999999;23;124.6058
TEC-PH-10004100;395.78;27;46.0544
OFF-ST-10000636;518.9399999999999;32;4.687199999999999
TEC-PH-10003174;727.944;7;90.993
OFF-PA-10001497;956.3040000000001;19;423.74159999999995
OFF-PA-10001952;82.22399999999999;4;32.8896
OFF-SU-10004661;102.0;13;20.23
OFF-PA-10001826;40.176;7;16.5888
TEC-MA-10001031;506.28;3;177.198
TEC-MA-10003176;1029.6;3;115.83
TEC-AC-10002647;383.04;4;148.96
TEC-PH-10002114;2279.96;4;592.7896
OFF-PA-10001593;136.344;25;54.119
TEC-AC-10004803;250.92;18;35.1288
OFF-PA-10001801;77.74000000000001;13;38.0926
TEC-PH-10000127;223.88799999999998;14;-50.3748
OFF-AP-10001564;1023.3520000000001;6;-9.303200000000004
TEC-AC-10004595;571.2;4;119.952
FUR-FU-10002874;63.824;2;9.5736
FUR-FU-10003489;36.162;6;3.6162
TEC-MA-10002073;2339.982;3;-467.9964
TEC-PH-10004006;453.41999999999996;11;122.42339999999999
OFF-BI-10000279;85.25500000000001;10;8.670000000000002
OFF-PA-10000300;155.844;9;60.5394
OFF-BI-10004308;258.054;16;90.21400000000001
TEC-PH-10004080;625.508;13;-10.878400000000003
OFF-PA-10001260;88.11;11;39.6495
OFF-ST-10004946;259.68;5;59.510000000000005
OFF-PA-10002109;15.232;4;4.9504
TEC-MA-10004255;319.92;8;118.3704
FUR-FU-10003095;101.94;3;30.582
FUR-FU-10000820;146.11399999999998;10;6.795999999999999
TEC-MA-10002930;465.64500000000004;14;36.916
OFF-PA-10003205;35.948;5;14.2975
OFF-LA-10002368;16.704;7;6.8382
TEC-MA-10003230;1362.9;3;-19.47
OFF-PA-10000295;85.536;15;34.992
OFF-SU-10004884;195.052;13;49.8641
FUR-FU-10002240;19.7;8;0.7879999999999998
FUR-FU-10001057;299.85;17;38.180899999999994
FUR-CH-10002073;5427.99;22;1292.1264
OFF-AP-10003278;106.172;10;2.794
TEC-PH-10002070;175.422;10;17.992
FUR-FU-10000277;1685.44;18;244.3888
TEC-AC-10004420;479.72;4;52.7692
TEC-PH-10004094;4211.7300000000005;32;467.97
TEC-MA-10002790;479.988;2;55.9986
OFF-AP-10001634;18.096;8;-2.5056000000000003
OFF-PA-10001837;36.288;7;12.700800000000001
OFF-AR-10003896;17.94;3;6.4584
OFF-BI-10002897;45.507999999999996;16;15.560799999999999
OFF-PA-10001243;29.900000000000002;5;14.651
FUR-FU-10003806;2058.496;19;-529.76
TEC-MA-10000904;341.991;3;-319.1916
OFF-LA-10002473;9.216;4;3.3408
FUR-FU-10003374;463.79600000000005;11;73.0232
TEC-MA-10001856;649.0;2;-272.58
OFF-ST-10003641;520.0799999999999;7;-20.488
OFF-AR-10004707;9.92;4;3.472
TEC-MA-10004086;29.925;5;-21.945
TEC-MA-10001695;703.71;6;-938.28
FUR-FU-10002506;93.52799999999999;8;2.0784000000000002
TEC-AC-10004518;280.0;14;109.19999999999999
OFF-AP-10000027;168.392;14;35.308
OFF-PA-10002558;268.24;7;93.884
TEC-AC-10000926;59.976;3;11.9952
OFF-PA-10001846;69.36;14;28.090799999999998
TEC-MA-10003673;3404.5;5;1668.205
FUR-BO-10001567;90.882;3;-190.8522
FUR-FU-10001379;58.784;4;-1.0687999999999995
TEC-MA-10000984;7834.4;7;881.37
OFF-AR-10000937;431.28999999999996;13;165.206
FUR-FU-10002030;97.812;8;-1.7783999999999978
OFF-FA-10000254;19.782;5;-3.768
OFF-AP-10004136;147.528;6;-36.882000000000005
TEC-AC-10002370;15.760000000000002;9;3.7036
OFF-AR-10003986;7.7;2;3.157
OFF-SU-10004290;45.144000000000005;7;10.1916
TEC-MA-10004552;1035.8;4;269.308
OFF-PA-10000312;182.72;10;59.384
OFF-PA-10001001;93.248;4;31.4712
OFF-PA-10001583;49.980000000000004;7;22.7115
TEC-MA-10002694;101.994;2;-71.3958
TEC-MA-10004626;600.0;6;218.4
TEC-PH-10004241;1439.968;4;143.9968
OFF-SU-10003936;13.992;5;-1.7489999999999999
TEC-MA-10003337;179.991;3;-251.9874
OFF-PA-10000210;99.9;5;46.953
OFF-AR-10003477;8.04;6;2.7336
FUR-CH-10002317;207.184;1;25.898
OFF-LA-10004677;26.568;9;8.9667
FUR-CH-10002780;600.4680000000001;8;47.3096
OFF-EN-10001535;7.072;2;2.3868
TEC-MA-10003493;91.475;1;-1.8295
TEC-AC-10002380;27.192;3;0.3399
TEC-PH-10002817;323.976;3;36.4473
TEC-MA-10003589;224.937;3;-164.9538
OFF-AP-10003099;197.72;4;55.3616
TEC-PH-10002645;1499.97;5;-374.9925
OFF-ST-10001627;36.744;3;3.6744
